"Neue GSA-Signatur","Alte GSA-Signatur","Signatur (Fremdbestand)","Sigle","Sigle (andere Identifikation)","Paralipomenon","Text(zuordnung)","Verse (Bereich)","Datierung","relative Datierung","Tag","Monat","Jahr","Tag","Monat","Jahr","Argument","Nachweise","Indiz","überlieferte Datierung","Bemerkung",,
390028,"25/XXXV,5",,,,,"Urfaust",,"nach November 1775",,,11,1775,,,,"Biographie","WA I 14, 252","Ankunft in Weimar",,,,
390621," 25/XVII,1,1",,"H","H P5a",,"Faust I",,"Schillersche Zeit, vor  05. Mai 1798 (ES)",,,,,5,5,1798,"Zeugnis","B, S.220","an Schiller, 05.05.1798 (Gräf 942))",,,,
391373,"25/XVII,1,2",,"H","H P2","P36, P37, P49, P70, P71, P18, P70, P72, P73, P74, P51, P2, P45, P46","Faust I","331-353","Schillersche Zeit, vor  05. Mai 1798 (ES); 1797",,,,,5,5,1798,"Zeugnis","Grumach, Faustplan; Scheibe, Chronologie, 235-253; B, S.116f","an Schiller, 05.05.1798 (Gräf 942))",,,,
390489,"25/XVII,1,3",,,,,"Faust I","Faust (Aus) ein[ig]e Scene[n], am Ende [mehrentheils] von Goethes Hand. (Umschlag)",,,,,,,,,,"WA I 14,278","Kräuters Archivierung",,,,
,,,"H"," H P10","P10","Faust I","3149‑3152","Schillersche Zeit, vor  05. Mai 1798 (ES)",,,,,5,5,1798,"Zeugnis",,"an Schiller, 05.05.1798 (Gräf 942))",,,,
393795,"25/XVII,1,4
","StB Berlin, Ms. German. Quart. 475","H",,,"Faust I","Nacht","Frühjahr 1806 (Scheibe); Schillersche Zeit, vor  05. Mai 1798 (ES)",,,,,5,5,1798,,"Scheibe, Walpurgisnacht, S.50f",,,,,
393744,"25/XVII,1,6
","StB Berlin, Ms. German. Quart. 527","H",,,"Faust I","3871-4208","Schillersche Zeit, vor  05. Mai 1798 (ES)",,,,,5,5,1798,"Zeugnis",,"an Schiller, 05.05.1798 (Gräf 942))",,,,
393832,"GSA 25/XVII,1,7
","StB Berlin, Ms. German. Quart. 527",,,,"Faust I","3835-3870","November 1800-Februar 1801",,,,,,,,"Datierung auf Hs","WA I 53,566",,"""d. 5 Nov 1800"" [fol. 2 Rs]; ""d. 9 Febr. 1801"" [fol. 3]; ""d. 8 Febr. 1801"" [fol. 4 Rs.]",,,
391352,"25/XVII,1,5",,"H",,,"Faust I","Dom","Schillersche Zeit, vor  05. Mai 1798 (ES)",,,,,5,5,1798,"Zeugnis",,"an Schiller, 05.05.1798 (Gräf 942))",,,,
391465,"25/XVII,1,8:1",,"H",,,"Faust I","4335-4338","um 1825?",,,,,,,,"Bezug auf Brief auf Hs","WA I,14,281","Briefkonzept an Fritsch, 07.01.1826",,,,
391353,"25/XVII,1,8:2",,"H2",,,"Faust I","4335-4342","1826?",,,,,,,,,"Jensen, Acht Verse",,,,,
391257,"25/XVII,1,9:1",,"(oS)",,,"Weimarischer Inszenierungsversuch",,,,,,,,,,,,,,"Umschlag",,
390352,"25/XVII,1,9:2",,"(oS)",,,"Weimarischer Inszenierungsversuch",,"Herbst 1812",,20,10,1812,1,12,1812,"Zeugnis","B, S.248","Tagebuch, 20.10.-01.12.1812",,,,
390789,"25/XVII,1,10:1",,"(oS)",,,"Weimarischer Inszenierungsversuch","Weimarische Inscenirungsversuche. Zum Radziwillschen Faust. Monodrama: Zwei Geisterchöre für die Paktszene
","1814 oder 1819",,,,,,,,,"B, S.261",,,,,
390753,"25/XVII,1,10:2",,"(oS)",,,"Weimarischer Inszenierungsversuch","Weimarische Inscenirungsversuche. Zum Radziwillschen Faust. Monodrama: Bearbeitung der Gartenhäuschenszene
","vor 11.4.1814",,,,,,,,"Zeugnis","WA I 14,317; B, S.259","Tagebuch, 04.04.1814 (Gräf 1152); Goethe an Radziwill, 11.04.1814 (Gräf 1153)",,,,
390263,"25/XVII,1,10:3",,"(oS)",,,"Weimarischer Inszenierungsversuch","Weimarische Inscenirungsversuche. Zum Radziwillschen Faust. Monodrama",,,,,,,,,,,"Kräuters Archivierung",,"Umschlag",,
390076,"25/XVII,1,10:4",,"(oS)",,,"Umschlag, ""ad 24""",,,,,,,,,,,,,,,,
389781,"25/XVII,1,10:5",,"(oS)",,,"leeres Blatt",,,,,,,,,,,,,,,,
,"25/XVII,1,10a","Warschau, Familienarchiv Radziwill,Teil XIII, Kasten 16, Mappe 24","(oS)",,,"Weimarischer Inszenierungsversuch","Weimarische Inscenirungsversuche. Zum Radziwillschen Faust. Monodrama: Zwey Teufelchen","1812 (Frankenberger) oder 1814 (Düntzer); vor 1814 (Schillemeit)",,,,,,,,,"Schillemeit, Radziwill; B, S.254",,,,,
,"25/XVII,1,10b","Warschau, Familienarchiv Radziwill,Teil XIII, Kasten 16, Mappe 24","(oS)",,,"Weimarischer Inszenierungsversuch","Weimarische Inscenirungsversuche. Zum Radziwillschen Faust. Monodrama: Zwey Teufelchen","1812 (Frankenberger) oder 1814 (Düntzer); vor 1814 (Schillemeit) (?)",,,,,,,,,,,,,,
,"25/XVII,1,10c","Warschau, Familienarchiv Radziwill,Teil XIII, Kasten 16, Mappe 24","(oS)",,,"Weimarischer Inszenierungsversuch","Weimarische Inscenirungsversuche. Zum Radziwillschen Faust. Monodrama: Ein Gartenhäuschen","vor 11.4.1814",,,,,,,,,"B, S.259",,,,,
,"25/XVII,1,10d","Warschau, Familienarchiv Radziwill,Teil XIII, Kasten 16, Mappe 24","(oS)",,,"Weimarischer Inszenierungsversuch","Weimarische Inscenirungsversuche. Zum Radziwillschen Faust. Monodrama: Ein Gartenhäuschen","vor 11.4.1814 (?)",,,,,,,,,"B, S.259",,,,,
390583,"25/XVII,1,11:1",,"(oS)",,,"Weimarischer Inszenierungsversuch","Weimarische Inscenirungsversuche. Zum Radziwillschen Faust. Monodrama: Fausts Monolog","17. Mai 1815",,,,,,,,"Zeugnis","WA I 14, 320","Tagebuch, 17.05.1815",,,,
390822,"25/XVII,1,11:2",,"(oS)",,,,"Zum verkürzten Melodrama Faust. (nach: 'Ins ungewiße Menschenloos.')","Anfang Mai 1815",,,,,,,,"Zeugnis","B, S.263","Tagebuch, 1.-3.5.1815",,,,
,"25/XVII,1,12","Weimar, Nationaltheater, Archiv, No. 227","(oS)",,,,"Zwei zusätzliche Chöre für die erste Weimarer Aufführung","Juli 1829",,,,,,,,,,"Eberwein, Musik (Gräf 1709, A.2)",," in Soufflierbuch zur handschriftlichen Partitur ""Faust von Goethe. Entreactes und GesÃ¤nge von Eberwein"", Bl. 12; Bl. 22-24",,
,"25/XVII,1,12*a",,"(oS)",,,,"Schlußchor",,,,,,,,,,,,,,,
,"25/XVII,1,12*b",,"(oS)",,,,"Allegro",,,,,,,,,,,,,,,
,"25/XVII,1,1a","Düsseldorf, Sammlung Kippenberg, K. K. 1838","(oS)",,,,"Geisterchor unsichtbar d. 12. Febr. 1801, d. 13. Febr. 1801","12.-13. Februar 1801",,12,2,1801,13,2,1801,"Datierung auf Hs",,,"d. 12. Febr. 1801, d. 13. Febr. 1801",,,
390720,"25/XVII,2,1",,"H P1",,"P1",,,"1800/1801",,,,,,,,"Inhalt","B, S.222-224",,"11. April 1800",,,
390259,"25/XVII,2,2",,"H P3",,"P3",,,"August bis Mitte September 1798",,,,,,,,"Inhalt","Mommsen, Faust-Szenen; Schillemeit, Vorspiel; B, S.216",,,,,
391357,"25/XVII,2,3",,"H P4",,"P4",,,"August bis Mitte September 1798",,,,,,,,"Inhalt","B, S.217",,,,,
389765,"25/XVII,2,4",,"H P5",,"P5",,,"August bis Mitte September 1798",,,,,,,,"Inhalt","B, S.218",,,,,
390900,"25/XVII,2,5",,"H P8",,"P8",,,"unsicher (1797/1798?)",,,,,,,,"Bezug auf beziffertes Schema","Witkowski, Faust, 9.A, II, 438; Scheibe, Faustschema; Schulze, Faustschema; B, S.132",,,,,
390186,"25/XVII,2,6:1",,"H P9",,"P43, P9, P62, P64",,,"unsicher (vmtl 1797/1798)",,,,,,,,,"B, S.129",,,,,
391360,"25/XVII,2,6:2",,"H P9Var",,"P9Var",,,"unsicher",,,,,,,,,"B, S.129",,,,,
391362,"25/XVII,2,7",,"H P10",,"P39, P33, P44, P34, P35, P97Var, P19, P52, P53, P38, P10Var, P10",,"Sammelblatt","Juni 1797-5. Mai 1798","vor H P167",,,,,,,"Inhalt","B, S.123",,,,,
391365,"25/XVII,2,8",,"H P11",,"P11",,"Schema","1798/1799 (Morris), 1788 (Burdach)",,,,,,,,"Inhalt","Morris, Disputationsplan; Burdach, Disputationsszene; B, S.229-231",,,,,
390778,"25/XVII,2,9",,"H P12",,"P12",,"Auditorium","1798/1799 (Morris), 1788 (Burdach)",,,,,,,,"Inhalt","B, S.237","Tinte wie bei P11",,,,
389808,"25/XVII,2,10",,"H P14",,,,"Disputationsactus","1797/1798 oder 1800/1801",,,,,,,,"Inhalt (Disputationsactus)","B, S.238",,,,,
389847,"25/XVII,2,11",,"H P15",,"P15, P16, P17",,,"unsicher (April 1800?)",,,,,,,,"Inhalt (Disputationsactus?)","B, S.240","an Schiller, 16.04.1800 (Gräf 962)",,,,
390887,"25/XVII,2,12",,"H P20",,"P82Var, P20, P41",,,"1797/1798",,,,,,,,"Papier, Inhalt","Grumach, Faustplan, S.67; B, S.197",,,,,
390782,"25/XVII,2,13",,"H P6",,"P21, P6, P7",,"""Blatt aus dem Urcodex""","unsicher, 1773-1775",,,,,,,,,"Grumach, Urfaust; Scheibe, Chronologie; B, S.104",,,,,
390888," 25/XVII,2,14",,"H P22",,"P22, P24, P31, P48","Faust I","Schemata","unsicher: 1797 (Pniower),  1788 (Harnack)",,,,,,,,,"Harnack, Chronologie, S.171; Pniower, Faustparalipomena, S.419; B, S.177",,,,,
391368,"25/XVII,2,15",,"H P25",,"P25",,"Doppel-Scene","um 1800",,,,,,,,"Papier","B, S.241",,,,,
391369,"25/XVII,2,16",,"H P26",,"P26",,,"1797/1798",,,,,,,,"Papier, Bezug auf beziffertes Schema","B, S.134",,,,,
389816,"25/XVII,2,17",,"H P27",,"P27, P38, P39, P40",,"Exzerptnotizen","unsicher (Ende 1800? Morris)",,,,,,,,"Inhalt","Morris, ?; B, S.162",,,,,
391371,"25/XVII,2,18",,"H P28",,,,"Notizen und Exzerpte","Ende 1800 oder später",,,,,,,,"Inhalt","B, S.166",,,,,
390403,"25/XVII,2,19",,"H P29",,,,"Exzerpt aus J. Praetorius ""Anthropodemus Plutonicus""","Ende 1800 oder später (?)",,,,,,,,"Inhalt","B, S.169 (ohne expliziten Datierungsvorschlag)",,,,,
390891,"25/XVII,2,20",,"H P30",,,,"Exzerpte aus Sueton und Plinius","Ende 1800 oder später (?)",,,,,,,,"Inhalt","B, S.172 (ohne expliziten Datierungsvorschlag)",,,,,
391374,"25/XVII,2,21",,"H P32",,,,,"unsicher (Ende 1800?)",,,,,,,,"Inhalt (unsicher)","B, S.180",,,,,
389879,"25/XVII,2,22",,"H P42",,,,"Sammelblatt","unsicher",,,,,,,,,"Morris, Studien I,80; B, S.130",,,,,
390856,"25/XVII,2,23",,"H P47",,,,,"Ende 1808",,,,,,,,"Inhalt","B, S.244",,,,,
391375,"25/XVII,2,24",,"H P50",,"P50",,"Arbeitsmundum","Juni 1797-Herbst 1800 (Scheibe)",,,,,,,,,"Scheibe, Walpurgisnacht, S.33-35; B, S.150-154",,,,,
389821,"25/XVII,2,25",,"H P54",,"P54, P55, P56, P57, P59, P60, P61",,"Sammelblatt","unsicher (vor 1776, ES, H.Fischer-Lamberg, Italien 1786-1788 Krogmann, Binder)",,,,,,,,,"WA I 14, 311f; Pniower, Faustparalipomena, S.424-430; H.Fischer-Lamberg, Urfaust; Petsch, Chronologie; Krogmann, Urfaust, S.14; Binder, Menschaheit, S.108f; B, S.109",,,,,
391066,"25/XVII,2,26",,"H P62a",,,"unsischer (Walpurgisnacht?)",,"unsicher",,,,,,,,,"WA I 53,367; B, S.158",,,,,
,"25/XVII,3,1:1",,"(oS)",,,"Theaterzettel zur Erstaufführung in Bremen am 23.08.1829",,,,,,,,,,,"B, S.217","Theaterzettel zur Erstaufführung in Bremen am 23.08.1829",,,,
,"25/XVII,3,1:2",,"(oS)",,,"Theaterzettel zur Erstaufführung in Dresden am 27.8.1829",,,,,,,,,,,,"Theaterzettel zur Erstaufführung in Dresden am 27.8.1829",,,,
,"25/XVII,3,1:3",,"(oS)",,,"Theaterzettel zur Erstaufführung in Leipzig am 28.8.1829",,,,,,,,,,,,"Theaterzettel zur Erstaufführung in Leipzig am 28.8.1829",,,,
,"25/XVII,3,1:4",,"(oS)",,,"Theaterzettel zur Erstaufführung in Weimar am 29.8.1829

",,,,,,,,,,,,,,,,
,"25/XVII,3,1:5",,"(oS)",,,"Theaterzettel zur Erstaufführung in Nürnberg am 21.3.1830",,,,,,,,,,,,"Theaterzettel zur Erstaufführung in Nürnberg am 21.3.1830",,,,
,"25/XVII,3,1:6",,"(oS)",,,"Theaterzettel zur Aufführung in Nürnberg am 12.4.1830",,,,,,,,,,,,"Theaterzettel zur Aufführung in Nürnberg am 12.4.1830",,,,
,"25/XVII,3,2",,"(oS)",,,"Gutachten von Eckermann über die Bearbeitung des ""Faust"" durch Karl v. Holtei",,,,,,,,,,,,,,,,
,"25/XVII,3,3",,"(oS)",,,"Bemerkungen von Eckermann zu Ch. Goffs Übersetzung des Faust",,,,,,,,,,,,,,,,
,"25/XVII,3,4:1",,"(oS)",,,"Gedicht von John Blackie an Goethe in deutscher Sprache",,,,,,,,,,,,,,,,
,"25/XVII,3,4:2",,"(oS)",,,"Übersetzungen des Chores der Erzengel aus dem Prolog im Himmel ins Englische durch David Syme und John Stuart Blackie",,,,,,,,,,,,,,,,
,"25/XVII,3,5",,"(oS)",,,"Übersetzungen ins Englische durch John Heavyside",,,,,,,,,,,,,,,,
,"25/XVII,3,6",,"(oS)",,,"Einzelne Verse und Versgruppen aus ""Faust I"" nebst Übersetzung ins FranzÃ¶sische",,,,,,,,,,,,,,,,
,"25/XVII,3,7:1",,"(oS)",,,"Rezension der ErstauffÃ¼hrung in Nürnberg am 21.3.1830 in ""Der Friedens und Kriegs Kurier"" Nr 83 vom 24.3.1830",,,,,,,,,,,,,,,,
,"25/XVII,3,7:2",,"(oS)",,,"Rezension der Erstaufführung in Nürnberg am 21.3.1830 in ""Der bayerische National-Repräsentant"" Nr 4 vom 27.3.1830",,,,,,,,,,,,,,,,
,"25/XVII,3,8",,"(oS)",,,"Rezension von A. B. Marx zu Hector Berlioz' ""Huit Scènes de Faust"" in ""Berliner Allgemeine Musikalische Zeitung"", Nr. 39 vom 26.9.1829",,,,,,,,,,,,,,,,
,"25/XVII,4,1",,,,,,"Erster Akt (Titelblatt)",,,,,,,,,,,,,,,
,"25/XVII,4,1a","Marbach, Cotta-Archiv, Goethe 23","H Co (Schöne)",,,,"Druckvorlage zu C.1 Bd 12, 1828","1827 (?)",,,,,,,,,,,,,,
,"25/XVII,4,2",,"I H1",,,"Faust II, 1. Akt","5061-5064, 5144-5154","Mai 1825 (?)",,,,,,,,"Inhalt (Grammatik)","WA I 13,2, 130f, A.4",,,,,
,"25/XVII,4,3",,"I H2",,,"Faust II, 1. Akt","5072-5080, 5106-5107, ",,,,,,,,,,,,,,,
,"25/XVII,4,4",,"I H3",,,"Faust II, 1. Akt","5065-5071",,,,,,,,,,,,,,,
,"25/XVII,4,5",,"I H4",,,"Faust II, 1. Akt","5081-5087, 5092-5095, 5104-5107, 5158-5165",,,,,,,,,,,,,,,
,"25/XVII,4,6",,"I H5",,,"Faust II, 1. Akt","5088-5091, 5096-5099",,,,,,,,,,,"Druckvorlage als Einfügung in Korrekturbogen zu KuA Bd 6 Nr 1, 1827 S 212",,"Druckvorlage als Einfügung in Korrekturbogen zu KuA Bd 6 Nr 1, 1827 S 212",,
,"25/XVII,4,7",,"I H6",,,"Faust II, 1. Akt","5088-5103, ","Dezember 1827",,,,,,,,,"Jensen, Zum Chor der Gärtnerinnen",,,,,
,"25/XVII,4,8",,"I H7",,,"Faust II, 1. Akt","5108-5119","nach 08.12.1827",,8,12,1827,,,,"Bezug auf Brief auf Hs",,"Brief von Kanzler von Müller an Goethe, oD (8.12.1827)",,,,
,"25/XVII,4,9",,"I H8",,,"Faust II, 1. Akt","5120-5127","nach dem 17.10.1827",,17,10,1827,,,,"Bezug auf Theaterzettel",,"Theaterzettel vom 17.10.1827",,,,
,"25/XVII,4,10a",,"I H9",,,"Faust II, 1. Akt","5120-5127, 5136-5157",,,8,12,1827,,,,"Datierung auf Hs",,,"8 Dez. 1827",,,
,"25/XVII,4,11",,"I H9a",,"P108a","Faust II, 1. Akt","5136-5137, 5650-5653","nach 24.09.1827, vor 08.12.1827",,24,9,1827,8,12,1827,"Bezug auf Brief auf Hs","B, S.320","Billet Helene Vulpius an Ottilie von Goethe",,,,
,"25/XVII,4,12",,"I H10",,,"Faust II, 1. Akt","5168-5169, 5650-5653","nach dem 24.09.1827",,24,9,1827,,,,,"B, S.322","direkter Anschluss von 5650-5653 an I H9a",,"direkter Anschluss von 5650-5653 an I H9a",,
,"25/XVII,4,13",,"I H11",,,"Faust II, 1. Akt","5170-5177","vor/nach Dezember 1827?",,,,,,,,"Bezug auf Tagebuch auf Hs",,"Konzept zu Tagebuch 20.- 22.12.1827 auf Hs",,,,
,"25/XVII,4,14:1",,"I H12",,,"Faust II, 1. Akt","5305-5316, 5333-5340, 5178-5184, 5317-5332, 5185-5191, 5196-5198","Spätsommer-Herbst 1827",,,,,,,,,"B, S.314",,,,,
,"25/XVII,4,15",,"I H13",,,"Faust II, 1. Akt","6592-6613","vor 11.09.1827",,,,,11,9,1827,"Bezug auf Tagebuch auf Hs",,"Konzept zu Tagebuch 11.-12.9.1827",,,,
,"25/XVII,4,16",,"I H14",,,"Faust II, 1. Akt","5199-5236",,,,,,,,,,,"Druckvorlage zu C.1 Bd 12, 1828 (?)",,"Druckvorlage zu C.1 Bd 12, 1828 (?)",,
,"25/XVII,4,17",,"I H15",,,"Faust II, 1. Akt","5215-5236","unsicher (1827)",,,,,,,,"Bezug auf Brief auf Hs",,"Konzept zu Brief an Carl August , oD  (Nov. oder Dez. 1827?)",,,,
,"25/XVII,4,18",,"I H16",,,"Faust II, 1. Akt","5295-5298",,,,,,,,,,,,,,,
,"25/XVII,4,19",,"I H17",,,"Faust II, 1. Akt","5317-5392, 5423-5440, 5494-5569, 5582-5605","Herbst 1827 oder später","später als I H12",,,,,,,,,,,,,
,"25/XVII,4,20",,"I H18",,,"Faust II, 1. Akt","5407-5422, 5439-5456, 5520-5522, 5531-5535","vor 09.10.1827 (?)","vor I H17",,,,,,,"Inhalt (Grazzini)","B, S.327",,,,,
,"25/XVII,4,21",,"I H19","H P108","P108a","Faust II, 1. Akt","5457-5471, 5484-5493, ","zwischen September und Oktober 1827",,,,,,,,"Inhalt","B, S.318",,,,,
,"25/XVII,4,22",,"I H20",,,"Faust II, 1. Akt","5457-5493",,,,,,,,,,,,,,,
,"25/XVII,4,23",,"I H21",,,"Faust II, 1. Akt","5494-5522",,,,,,,,,,,,,,,
,"25/XVII,4,24",,"I H22",,,"Faust II, 1. Akt","5537-5559","vor/nach 2.10.1827",,,,,,,,"Brief an Johann Pyrker v. Oberwart, 2.10.1827",,,,,,
,"25/XVII,4,25",,"I H23",,"P109, P110","Faust II, 1. Akt","1. Akt","Herbst 1827","vor I H17",,,,,,,,"B, S.324",,,,,
,"25/XVII,4,26",,"I H24",,,"Faust II, 1. Akt","5562-5565, 5569-5587, 5590-5605, 5649-5665","Herbst 1827","vor I H17",,,,,,,,"B, S.330",,,,,
,"25/XVII,4,27",,"I H25",,,"Faust II, 1. Akt"," 5606-5639",,"vor I H26",,,,,,,,,,,,,
,"25/XVII,4,28",,"I H26",,,"Faust II, 1. Akt","5606-5629","vor/nach 10.11.1827","nach I H25",,,,,,,,,"Konzept zu Brief von Goethe (?) an Cotta (?), 10.11.1827 (""Der besondere Vortheil dieser Uebereinkunft ..."", ungedruckt in WA und QuZ IV)",,,,
,"25/XVII,4,29",,"I H27",,,"Faust II, 1. Akt","5606-5639",,"nach I H26",,,,,,,,,,,,,
,"25/XVII,4,30",,"I H28",,"P112","Faust II, 1. Akt","5666-5681","Dezember 1827",,,,,,,,,"B, S.338","Bericht an Herzog Friedrich von Sachsen-Altenburg, 15.12.1827 (FA I 27, 834)",,,,
,"25/XVII,4,31",,"I H29",,"P113","Faust II, 1. Akt","5675-5682, 5689-5690, 5759-5760","Dezember 1827",,,,,,,,"Inhalt","B, S.341",,,,,
,"25/XVII,4,32",,"I H30",,,"Faust II, 1. Akt","5683-5688, 5751, 5759-5760",,,,,,,,,,,,,,,
,"25/XVII,5,1",,"I H31",,"P113Var","Faust II, 1. Akt","5689-5714, 5977, ","Dezember 1827","vor I H32",,,,,,,,"B, S.357",,,,,
,"25/XVII,5,2",,"I H32",,"P103","Faust II, 1. Akt","5689-5986","zweite Dezemberhälfte 1827",,,,,,,,"Inhalt","B, S.368",,,,,
,"25/XVII,5,3",,"I H33",,,"Faust II, 1. Akt","5715-5738, 5767-5778, 5807-5814, 5819-5821
",,"Umkreis von I H32",,,,,,,,"B, S.349",,,,,
,"25/XVII,5,4",,"I H34",,,"Faust II, 1. Akt","5741-5766","nach 08.12.1827",,8,12,1827,,,,,,"auf Begleitschein Paket mit Stempel vom 8.12.1827",,,,
,"25/XVII,5,5",,"I H34a",,,"Faust II, 1. Akt",,"nach 22.12.1827",,22,12,1827,,,,,,"Programm des Weimarer Theaters, 22.12.1827",,,,
,"25/XVII,5,6",,"I H35",,,"Faust II, 1. Akt",,"Ende Dezember 1827","nach I H37",,,,,,,,"B, S.471",,,,,
,"25/XVII,5,7",,"I H36",,,"Faust II, 1. Akt","5797-5814, 5884-5935","Dezember 1827","Umkreis von I H32",,,,,,,,"B, S.349",,,,,
,"25/XVII,5,8",,"I H37",,,"Faust II, 1. Akt","5801-5821, 5864-5871","Dezember 1827","vor I H35",,,,,,,,"B, S.349, 471",,,,,
,"25/XVII,5,9",,"I H38",,"P113Var","Faust II, 1. Akt","5805-5821, 5962-5969, 5972-5977, 5987-5988, 6001-6004, 5864-5871
","Dezember 1827","vor I H32",,,,,,,,"B, S.349, 360",,,,,
,"25/XVII,5,10",,"I H39",,"P115","Faust II, 1. Akt","5815-5821, 5805-5806
","Dezember 1827","Umkreis von I H32",,,,,,,,"B, S.349",,,,,
,"25/XVII,5,11",,"I H40",,,"Faust II, 1. Akt","5805-5806, 5814","Dezember 1827","Umkreis von I H32",,,,,,,,"B, S.349",,,,,
,"25/XVII,5,12",,"I H41",,,"Faust II, 1. Akt","5819-5863","Dezember 1827","Umkreis von I H32",,,,,,,,"B, S.349",,,,,
,"25/XVII,5,13",,"I H42",,,"Faust II, 1. Akt",,"13.12.1827-25.12.1827",,13,12,1827,25,12,1827,,,"Konzept zu Gedicht ""An Frau Clementine von Mandelsloh ..."" ",,,,
,"25/XVII,5,14",,"I H43",,"P106Var","Faust II, 1. Akt","5987-6002","22.12.1827",,,,,,,,"Datierung auf Hs","B, S.347",,,,,
,"25/XVII,5,15",,"I H44",,,"Faust II, 1. Akt","6003-6036
",,,,,,,,,,,,,,,
,"25/XVII,5,16",,"I H45",,"P117, P118","Faust II, 1. Akt",,"Ende Dezember 1827",,,,,,,,"Inhalt (Gedichtentwürfe vor 27.12.1827)","B, S.373",,,,,
,"25/XVII,5,17",,"I H46",,,"Faust II, 1. Akt","6057-6078","1828/1829 (vor 27.12.1829)",,,,,27,12,1829,"Inhalt","B, S.376",,,,,
,"25/XVII,5,18",,"I H47",,,"Faust II, 1. Akt","6173-6306
","nach 03.09.1829","nach I Hn",3,9,1829,,,,,"B, S.385","I Hn: Quittung vom 03.09.1829 auf RS ",,,,
,"25/XVII,5,19",,"I H48",,"P119","Faust II, 1. Akt","6183-6199, 6207-6219, 6549-6559","nach 05.-06.09.1829",,6,9,1829,,,,"Bezug auf Tagebuch, 5.-6.9.1829","B, S.380f",,,,,
,"25/XVII,5,20",,"I H49",,,"Faust II, 1. Akt"," 6199-6202, 6218-6230, 6237-6238, 6304-6306",,,,,,,,,"mglw. vor I H50","B, S.385",,,,,
,"25/XVII,5,21",,"I H50",,"P120","Faust II, 1. Akt","6237-6238, 6261-6262, 6304-6306, 6479-6480",,,3,9,1829,,,,,"B, S.385",,,,,
,"25/XVII,5,22",,"I Hn",,"P121","Faust II, 1. Akt","6239-6246","nach 03.09.1829","vor I H47",,,,,,,"Bezug auf Quittung auf Hs","B, S.385","Quittung vom 03.09.1829 auf RS ",,,,
,"25/XVII,5,22a",,"I H50a",,,"Faust II, 1. Akt","6259-6261","Herbst 1829","vor I H50",,,,,,,,"B, S.382",,,,,
,"25/XVII,5,23",,"I H51",,,"Faust II, 1. Akt","6307-6333, 6356-6358",,,,,,,,,,,,,"ursprünglich ein Blatt mit I H52",,
,"25/XVII,5,24",,"I H52",,,"Faust II, 1. Akt","6317-6342",,,,,,,,,,,,,"ursprünglich ein Blatt mit I H51",,
,"25/XVII,5,25",,"I H53",,,"Faust II, 1. Akt","6317-6342","nach I H53","nach I H53",,,,,,,,,,,,,
,"25/XVII,5,26",,"I H54",,,"Faust II, 1. Akt","6343-6355","vor I H55","vor I H55",,,,,,,,,,,,,
,"25/XVII,5,27",,"I H55",,,"Faust II, 1. Akt","6343-6355
","nach I H54","nach I H54",,,,,,,,,,,,,
,"25/XVII,5,28",,"I H56",,,"Faust II, 1. Akt","6415-6472, 6487-6524, 6541-6565, 7080-7089, 7117-7139","nach 29.08.1829 (?)","vor I H59",29,8,1829,,,,"Bezug auf Brief auf Hs",,"Konzept zu Brief an Ludwig I. von Bayern, 29.8.1829 (früheres Konzept)",,,,
,"25/XVII,5,29",,"I H57",,,"Faust II, 1. Akt","6427-6438","nach 29.08.1829 (?)",,29,8,1829,,,,"Bezug auf Brief auf Hs",,"Konzept zu Brief an Ludwig I. von Bayern, 29.8.1829 (späteres Konzept)",,,,
,"25/XVII,5,30",,"I H58",,"P122","Faust II, 1. Akt","6451-6460","Ende August 1829","vor I H56",,,,,,,,"B, S.388",,,,,
,"25/XVII,5,31",,"I H59",,,"Faust II, 1. Akt","6506-6515","nach 29.08.1829 (?)","nach I H56",,,,,,,,,"Bericht von Färber, 11.8.1829",,,,
,"25/XVII,5,32",,"I H60",,,"Faust II, 1. Akt","6549-6559
",,"nach I H56",,,,,,,,,"Konzept zu Tagebuch 28.-30.8.1829",,,,
,"25/XVII,6,1","London, British Library Autogr. Eg. 2829 f. 13","(oS)",,,"Faust II, 1. Akt","4634-4678",,,,,,,,,,,,,,,
,"25/XVII,6,2","Cologny, Bibliotheca Bodmeriana","I Ha",,,"Faust II, 1. Akt","4772-4811",,,,,,,,,,,,,,,
,"oo; 25/XVII,6,3",,"(oS)",,,"Faust II, 1. Akt","5136-5157
",,,,,,,,,,,,,,,
,"oo; 25/XVII,6,3,0",,"I Hf",,,"Faust II, 1. Akt","5152-5157","vor/am 24.12.1817",,,,,,,,,,,"Weynachten 1827",,,
,"25/XVII,6,3a","Oxford, Bodleian Library Ms. M.D.M. d 8","(oS)",,,"Faust II, 1. Akt","5178-5198
",,,,,,,,,,,,,,,
,"25/XVII,6,4","Hannover, Stadtarchiv  665; V.063 (Sammlung Culemann)","I Hh",,,"Faust II, 1. Akt","5215-5236
",,,,,,,,,,,,,,,
,"25/XVII,6,4a","Goethe-Museum Düsseldorf NW 996/1967","(oS)",,,"Faust II, 1. Akt","5295-5298
",,,,,,,,,,,,,,,
,"25/XVII,6,4b","Oxford, Bodleian Library Ms. M.D.M. d 8","(oS)",,,"Faust II, 1. Akt","5407-5422, 5441-5456",,,,,,,,,,,,,,,
,"25/XVII,6,5","Cologny, Bibliotheca Bodmeriana","I Hi",,,"Faust II, 1. Akt","5263-5294, 6644-6670
",,,,,,,,,,,,,,,
,"25/XVII,6,5a","Oxford, Bodleian Library","I Hg",,,"Faust II, 1. Akt","5393-5406
",,,,,,,,,,,,,,,
,"25/XVII,6,6","New York, The Pierpont Morgan Library Misc Heineman, MAH MS Goethe 2B","(oS)",,,"Faust II, 1. Akt","5569-5581
",,,,,,,,,,,"zur Einfügung in I H17 bestimmt",,"zur Einfügung in I H17 bestimmt",,
,"oo; 25/XVII,6,7",,"I Hk",,"(P111)","Faust II, 1. Akt","5640-5665, 5588-5589
",,,,,,,,,,,,,,,
,"25/XVII,6,7a","Goethe-Museum Düsseldorf GMD inv. 1461/1975","(oS)",,,"Faust II, 1. Akt","5588-5589, 5640-5645, 5646-5649, 5655-5665",,,,,,,,,,,,,,,
,"25/XVII,6,7b","London, British Library Ms. Germ. Fragm. Zweig 152","I Hm",,,"Faust II, 1. Akt","5884-5935",,,,,,,,,,,,,,,
,"25/XVII,6,8","Cologny, Bibliotheca Bodmeriana",,,,"Faust II, 1. Akt","5987-6002
",,,,,,,,,,,,,,,
,"25/XVII,6,9","UB Leipzig Sammlung Hirzel, B 494","II Hc",,,"Faust II, 1. Akt","7811-7816
",,,,,,,,,,,"ursprünglich in II H74 eingeklebt",,"(Siglierungsfehler bei Gruß)",,
,"25/XVII,7,1",,"(oS) Umschlag",,,"Classische Walpurgis Nacht. Mundum",,,,,,,,,,,,,,,,
,"25/XVII,7,2",,"II H1",,,"Faust II, 2. Akt
","6570-6576
","nach 12.9.1827",,12,9,1827,,,,"Bezug auf Liste","FL, S.25","Liste der Tischgäste vom 15.9.1827",,,,
,"25/XVII,7,3:1",,"II H2a",,"P127","Faust II, 2. Akt
","6578-6579 ","nach 29.09.1827",,29,9,1827,,,,"Bezug auf Theaterzettel","FL, S.25f; ; B, S.468","Theaterzettel 29.09.1827",,,,
,"25/XVII,7,3:2",,"II H2b",,"P128","Zuordnung unsicher (Morris: Faust II, 2. Akt)",,,,,,,,,,,"B, S.469",,,,,
,"25/XVII,7,3:3",,"II H2c",,"P129","Zuordnung unsicher (Morris: Faust II, 2. Akt)",,"nach 27.09.1827",,27,9,1827,,,,"Bezug auf Schreiben","FL, S.26f; B, S.467","Deklaration zu einer Beuthschen Sendung (27.09.1827)",,,,
,"25/XVII,7,3:4",,"II H2d",,"P129Var","Zuordnung unsicher (Morris: Faust II, 2. Akt)",,,,,,,,,,,"FL, S.27; B, S.467","postume Abschrift Riemers",,"postume Abschrift Riemers",,
,"25/XVII,7,4",,"II H3",," ","Faust II, 2. Akt","6710-6720, 6744-6757","zwischen 9. und 17.11.1827",,9,11,1827,17,11,1827,"Bezug auf Brief auf Hs","FL, S.27f","Konzept zu Brief an Herzog Friedrich von Sachsen-Altenburg, 17.11.1827",,,,
,"25/XVII,7,5",,"II H4",,"P130","Faust II, 2. Akt","6791-6792"," vor  18.9.1827",,,,,18,9,1827,"Bezug auf Brief","B, S.466","Notiz sS ""war aufgeklebt in Abgesandte Briefe 1827 fol. 158 Rücks."" (Brief an Chr. D. Rauch vom 18.9.1827)",,"Notiz sS ""war aufgeklebt in Abgesandte Briefe 1827 fol. 158 Rücks."" (Brief an Chr. D. Rauch vom 18.9.1827)",,
,"25/XVII,7,6",,"II H5",,"P86, P87, P88, P89, P90","Faust II, 2. Akt","6863-6864","1797-1800 (Paralipomena); ab 1825 (Verse)",,,,,,,,"Papier; Inhalt","B, S.204",,,,,
,"25/XVII,7,7",,"II H6",,"P133, P134, P135, P136, P137, P138","Faust II, 2. Akt","6989-7000, ","um Dezember 1829 oder später",,,,,,,,"Inhalt","B, S.485",,,,,
,"25/XVII,7,8",,"II H7",,,"Faust II, 2. Akt","7005-7043",,"nach II H74",,,,,,,,,,,,,
,"25/XVII,7,9:1",,"II H8",,,"Faust II, 2. Akt","7080-7165","vor 17.1.1830",,,,,,,,,"FL, 31f.",,,,,
,"25/XVII,7,9:2",,"II H8alpha",,,"Faust II, 2. Akt","7140-7151",,"vor II H8, nach II H14",,,,,,,,,,,,,
,"25/XVII,7,10",,"II H9",,,"Faust II, 2. Akt","7090-7111","zwischen 28.11. und 1.12.1829",,28,11,1829,1,12,1829,"Bezug auf Theaterzettel",,"Programm des Weimarer Theaters 28.11.1829",,,,
,"25/XVII,7,11",,"II H10",,,"Faust II, 2. Akt","7090-7123
",,"vor II H8",,,,,,,,,,,,,
,"25/XVII,7,12",,"II H11",,,"Faust II, 2. Akt","7112-7131, 7200-7201",,,,,,,,,,,,,,,
,"25/XVII,7,13",,"II H12",,,"Faust II, 2. Akt","7119-7123
","Januar 1830","vor II H8",,,,,,,,"FL, S.33f.; B, S.531",,,"ergänzte sich usrprünglich mit H P161 (XIX,2,10) zu einem Umschlag",,
,"25/XVII,7,14",,"II H13",,,"Faust II, 2. Akt","7122-7132, 7239-7242, 7249-7252","vor 17.01.1830 (?)",,,,,,,,"Bezug auf Eckermann, Tagebuch 17.01.1830 (GSA 25 XIX 1,21 d)","FL, S.31f, 34, 154; B, S.497 (nach 17.01.1830!)",,,,,
,"25/XVII,7,15",,"II H14",,,"Faust II, 2. Akt","7140-7148, ","nach 21.01.1829",,21,1,1829,,,,"Bezug auf Theaterzettel",,"Programm des Weimarer Theaters 21.1.1829",,,,
,"25/XVII,7,16",,"II H15",,,"Faust II, 2. Akt","7152-7155, 7558-7565, 7843-7846

","nach 26.12.1829",,,,,,,,"Bezug auf Theaterzettel",,"Weimarer Theaterzettel 26.12.1829",,,,
,"25/XVII,7,17",,"II H16",,,"Faust II, 2. Akt","7156-7165, 7185-7190, 7341-7344
",,,,,,,,,,,,,,,
,"25/XVII,7,18",,"II H17",,,"Faust II, 2. Akt","7181-7201, 7263-7270, 7495-7498
7249-7252
","bis  17.01.1830",,,,,17,1,1830,,"FL, S.36; B, S.498",,,,,
,"25/XVII,7,19",,"II H18",,,"Faust II, 2. Akt","7191-7198, 7221-7228, 7550-7573, 7222-7228

",,,,,,,,,,,,,,,
,"25/XVII,7,19a","FDH 18480","(oS)",,,"Faust II, 2. Akt","7193-7194, 7138-7139
",,,,,,,,,,,,,,,
,"25/XVII,7,20",,"II H19",,,"Faust II, 2. Akt","7202-7209, 8106
",,,,,,,,,,,,,,,
,"25/XVII,7,21",,"II H20",,,"Faust II, 2. Akt","7214-7228, 7337-7343, 7726-7728","vor  29.1.1830","vor P124 und P125",,,,29,1,1830,,"FL, S.37; B, S.489",,,,,
,"25/XVII,7,22",,"II H21",,,"Faust II, 2. Akt","7229-7238",,"vor II H74",,,,,,,,,,,,,
,"25/XVII,7,23",,"II H22",,,"Faust II, 2. Akt","7239-7248, 8034-8041, 8076-8077, 8275
","Ende Januar oder später","vor II H24 und II H25",,,,,,,,"B, S.502",,,,,
,"25/XVII,7,24",,"II H24",,,"Faust II, 2. Akt","7239-7248, 7797-7800, 7831-7846",,"nach II H23",,,,,,,,,,,,,
,"25/XVII,7,25",,"II H23",,,"Faust II, 2. Akt","7239-7248, 7797-7800, 7574-7605","nach 29.01.1830","nach II H22",29,1,1830,,,,,"B, S.507",,,,,
,"25/XVII,7,26",,"II H25",,,"Faust II, 2. Akt","7263-7270, 7249-7252, 7495-7498, 8034-8041, 8076-8077, 8275, ","nach 17.1.1830 (?)","nach II H13",17,1,1830,,,,,"B, S.505",,,,,
,"25/XVII,7,27",,"II H26",,,"Faust II, 2. Akt","7325-7335, 7341-7344, ",,"vor II H27",,,,,,,,,,,,,
,"25/XVII,7,28:1",,"II H27",,,"Faust II, 2. Akt","7325-7348
",,"nach II H26",,,,,,,,,,,,,
,"25/XVII,7,28:2",,"II H27",,,"Faust II, 2. Akt","7349-7352
","zwischen  25.1. und 29.1.1830 (?)",,25,1,1830,29,1,1830,"Bezug auf Notiz auf Hs","FL, S.41","Notiz zur ""Revue française"" Nr 12, Paris 1829",,"ursprünglich ein Folioblatt mit II H45 ",,
,"25/XVII,7,29",,"II H28",,,"Faust II, 2. Akt","7325-7352, 7345-7352",,"nach II H27",,,,,,,,,,,,,
,"25/XVII,7,30",,"II H29",,,"Faust II, 2. Akt","7381-7394
",,"vor II H30",,,,,,,,,,,,,
,"25/XVII,7,31",,"II H30",,,"Faust II, 2. Akt","7381-7394",,"nach II H29",,,,,,,,,,,"bildete mit II H31 einen Foliobogen",,
,"25/XVII,7,32",,"II H31",,,"Faust II, 2. Akt","7381-7394, 7415-7418",,,,,,,,,,,,,"bildete mit II H30 einen Foliobogen",,
,"25/XVII,7,33",,"II H31a",,,"Faust II, 2. Akt","7426-7433
","vor/am 19.04.1830",,19,4,1830,,,,"Konzept zu Brief an Heinrich Gustav Hotho, 19.04.1830",,,,,,
,"25/XVII,7,34",,"II H32",,,"Faust II, 2. Akt","7434-7460
",,,,,,,,,,,,,,,
,"25/XVII,7,35",,"II H33",,,"Faust II, 2. Akt","7461-7470
",,"vor II H34",,,,,,,,,,,,,
,"25/XVII,7,36",,"II H34",,,"Faust II, 2. Akt","7461-7470, 7491-7492, ","nach 23.4.1830","nach II H33",23,4,1830,,,,,"FL, S.46",,,"bildete ursprünglich mit II H70, ein Folioblatt",,
,"25/XVII,7,37",,"II H35",,,"Faust II, 2. Akt","7471-7494",,"vor II H36",,,,,,,,,,,,,
,"25/XVII,8,1",,"II Hb",,,"Faust II, 2. Akt","7509-7518",,,,,,,,,,,,,"ursprünglich in II H74 auf fol. 14 eingeklebt",,
,"25/XVII,8,2",,"II H37",,,"Faust II, 2. Akt","7511-7513",,,,,,,,,,,,,,,
,"25/XVII,8,3",,"II H38",,,"Faust II, 2. Akt",,,,,,,,,,,,,,,,
,"25/XVII,8,4",,"II H39",,,"Faust II, 2. Akt",,,,,,,,,,,,,,,,
,"25/XVII,8,5",,"II H40",,,"Faust II, 2. Akt",,,,,,,,,,,,,,,,
,"25/XVII,8,6",,"II H41",,,"Faust II, 2. Akt",,,,,,,,,,,,,,,,
,"25/XVII,8,7",,"II H42",,"P153Var","Faust II, 2. Akt",,"Februar/März 1830",,,,,,,,,"B, S.520",,,,,
,"25/XVII,8,8",,"II H43",,,"Faust II, 2. Akt",,,,,,,,,,,,,,,,
,"25/XVII,8,9",,"II H44",,,"Faust II, 2. Akt",,,,,,,,,,,,,,,,
,"25/XVII,8,10",,"II H45",,,"Faust II, 2. Akt","7797-7800","zwischen 25.01.1830  und 29.01.1830",,25,1,1830,29,1,1830,,"FL, S.42",,,"bildete ursprünglich ein Folioblatt mit II H27",,
,"25/XVII,8,11",,"II H46",,"P151","Faust II, 2. Akt","7801-7818, ","vor Juni 1830"," vor II H47",,,,1,6,1830,,"B, S.501",,,"auf Umschlag mit Adresse Goethes, zS",,
,"25/XVII,8,12",,"II H47",,,"Faust II, 2. Akt","7801-7979, 7984-7995",,"nach II H46 und II H49",,,,,,,,,,,,,
,"25/XVII,8,13",,"II H48",,"P152, P204Var","Faust II, 2. Akt","7857-7860, 7973-7979, ","vor Juni 1830","vor II H47",,,,,,,,"B, S.517",,,"auf Umschlag mit Adresse Goethes, L. Seidler",,
,"25/XVII,8,14",,"II H49",,"P153","Faust II, 2. Akt","7865-7868, 7965-7969, 8000-8001, 8023, 8026","zwischen März und Juni 1830","vor II H47, nach II H42",,,,,,,,"B, S.520",,,,,
,"25/XVII,8,15",,"II H50",,,"Faust II, 2. Akt","7890-7895",,,,,,,,,,,,,,,
,"25/XVII,8,16",,"II H51",,,"Faust II, 2. Akt","7965-7977",,,,,,,,,,,,,,,
,"25/XVII,8,17",,"II H52",,,"Faust II, 2. Akt","7984-7999, 8014-8017",,,,,,,,,,,,,,,
,"25/XVII,8,18",,"II H53",,,"Faust II, 2. Akt","8023-8026, 8030-8031",,,,,,,,,,,,,,,
,"25/XVII,8,19",,"II H54",,,"Faust II, 2. Akt","8034-8041",,"nach II H25",,,,,,,,,,,,,
,"25/XVII,8,20",,"II H55",,"P154, P155","Faust II, 2. Akt","8082-8093, 8331-8338","vor 26.03.1830",,,,,26,3,1830,"Bezug auf Brief auf Hs","B, S.514","Brief an Großherzogin Maria Pawlowna, 26.03.1830",,,,
,"25/XVII,8,21",,"II H56",,"P156","Faust II, 2. Akt","8094-8123, 7210-7213
","nach 16.02.1830","vor II H57",16,2,1830,,,,,"FL, S.55",,,"bildete ursprünglich mit II H19 und II H58 einen Foliobogen",,
,"25/XVII,8,22",,"II H57",,,"Faust II, 2. Akt","8094-8134","nach 16.02.1830","nach II H56",,,,,,,,"FL, S.55",,,,,
,"25/XVII,8,23",,"II H58",,,"Faust II, 2. Akt",,"nach 16.02.1830",,,,,,,,,"FL, S.56",,,"bildete ursprünglich mit II H19 und II H56 einen Foliobogen",,
,"25/XVII,8,24",,"II H59",,,"Faust II, 2. Akt","8246-8264",,,,,,,,,,,,,,,
,"25/XVII,8,25",,"II H60",,,"Faust II, 2. Akt","8265-8266, 8277-8284",,,,,,,,,,,,,,,
,"25/XVII,8,26",,"II H61",,,"Faust II, 2. Akt","8267-8274","um 26.03.1830","vor II H61",,,,,,,"Bezug auf Brief auf Hs",," auf Dienstschreiben, 26.3.1830",,,,
,"25/XVII,8,27",,"II H62",,,"Faust II, 2. Akt","8267-8274","nach  26.3.1830","nach II H61",26,3,1830,,,,"Bezug auf Brief auf Hs",," auf Dienstschreiben, 26.3.1830",,,,
,"25/XVII,8,28",,"II H63",,,"Faust II, 2. Akt","8285-8288","nach 29.12.1829",,29,12,1829,,,,"Bezug auf Theaterzettel auf Hs",,"auf Theaterprogramm, [29.12.1829] ",,,,
,"25/XVII,8,29:1",,"II H64",,,"Faust II, 2. Akt","8289-8302",,,,,,,,,,,,,,,
,"25/XVII,8,29:2",,"II H65",,,"Faust II, 2. Akt","8289-8302",,,,,,,,,,,,,,,
,"25/XVII,8,29:2",,"II H66",,,"Faust II, 2. Akt","8289-8302",,,,,,,,,,,,,,,
,"25/XVII,8,30",,"II H67",,,"Faust II, 2. Akt","8291-8292, 8315-8332, ",,,,,,,,,,,,,"bildete ursprünglich mit II H68 ein Folioblatt",,
,"25/XVII,8,31",,"II H68",,,"Faust II, 2. Akt","8303-8312",,,,,,,,,,,,,"bildete ursprünglich mit II H67 ein Folioblatt",,
,"25/XVII,8,32",,"II H69",,,"Faust II, 2. Akt","8347-8358, 8370-8378, 8424-8456, 8470-8483","zwischen  12.6. und 29.8.1830",,12,6,1830,29,8,1830,,"Fischer-Lamberg, Der Schluß der Klassischen Walpurgisnacht",,,,,
,"25/XVII,8,33",,"II H70",,,"Faust II, 2. Akt","8347-8457","nach 29.08.1830",,,,,29,8,1830,"Bezug auf Brief auf Hs",,"Konzept zu Brief an H. Wilmans, 29.8.1830; Konzept zu Begleitschreiben an Carlyle, 29.8.1830; Konzept zu Weisung der Oberaufsicht über die unmittelbaren Anstalten für Wissenschaft und Kunst an Schrön, 2.7.1830",,,,
,"25/XVII,8,34",,"II H71",,,"Faust II, 2. Akt","8359-8378","nach 12.06.1830",,12,6,1830,,,,"Bezug auf Theaterzettel auf Hs",,"auf Theaterprogramm, 12.06.1830",,,,
,"25/XVII,8,35",,"II H72",,,"Faust II, 2. Akt","8424-8426, 8434-8443, 8466-8469",,,,,,,,,,,,,,,
,"25/XVII,8,36",,"II H73",,,"Faust II, 2. Akt","8424-8487",,,,,,,,,,,,,,,
,"25/XVII,8,37",,"II H74",,"P150, P150a","Faust II, 2. Akt","Classische Walpurgisnacht erstes Mundum","vor 25.06.1830",,,,,25,6,1830,,"FL, S.66; B, S.524",,,"enthielt ursprünglich auch II Hb und Original zu II Hc",,
,"25/XVIII,1,1",,"III H1",,,"Faust II, 3. Akt","Helena im Mittelalter / Satyr-Drama, Episode zu Faust / Conzept (8489-9164)","1800 und 1825","vor III H2",,,,,,,,,,,,,
,"25/XVIII,1,2",,,,,"Faust II, 3. Akt","Sammelmundum","1825, 1826","nach III H1, vor III H3",,,,,,,"Inhalt"," ",,,"(Datierung ""1800, 1825, 1826"" bei Gruß fehlerhaft?)",,
,"25/XVIII,1,2a",,"III H2",,"P170","Faust II, 3. Akt","8489-9580","1825, 1826; 1825/Frühjahr 1826 (P170)",,,,,,,,"Bezug auf Briefe an Riemer, 02.04.1825, 28.03.1825","FL, S.79; B, S.642",,,"enthhielt ursprünglich auch III H52",,
,"25/XVIII,1,2b",,"III H2",,,"Faust II, 3. Akt","9574-10038","1825, 1826",,,,,,,,,,,,,,
,"25/XVIII,1,2c:1",,"(oS)",,,"Faust II, 3. Akt","8610-8627, Metrische Schemata (Riemer)",,"vor III H7, später als 25/XVIII,1,2c:2",,,,,,,,,,,,,
,"25/XVIII,1,2c:2",,"(oS)",,,"Faust II, 3. Akt","8610-8627",,"vor 25/XVIII,1,2c:2",,,,,,,,,,,"auf Umschlag mit Aufschrift zS ""Der Herrn Staa""",,
,"25/XVIII,1,2c:3",,"(oS)",,,"Faust II, 3. Akt","9088-9108",,,,,,,,,,,,,,,
,"25/XVIII,1,2c:4",,"(oS)",,,"Faust II, 3. Akt","8882-8903",,"nach III H7",,,,,,,,,,,,,
,"25/XVIII,1,2c:5",,"(oS)",,,"Faust II, 3. Akt","8707-8727",,"früher als 25/XVIII,1,7:2",,,,,,,,,,,,,
,"25/XVIII,1,2c:6",,"(oS)",,,"Faust II, 3. Akt","Metrische Schemata (Riemer)","1825 und später",,,,,,,,,"Blumenthal, Der Bräutigam, GJb 1952/53, S.121",,,"Briefschlußformel ""Und entrichten denselben gefällig, mich vielmals e""",,
,"25/XVIII,1,3:1",,"III H3",,,"Faust II, 3. Akt","8489-8637",,,,,,,,,,,,,,,
,"25/XVIII,1,3:2",,"III HIII",,,"Faust II, 3. Akt","9122-10038","bis 09.06.1826",,,,,9,6,1826,,,,"9. Jun. 1826.","Folioheft; bildet zusammen mit  25/XVIII,1,3a III HIII",,
,"25/XVIII,1,3a","UB Bonn","III HIII",,,"Faust II, 3. Akt"," 8489-9121","bis 09.06.1826",,,,,,,,,,,,"Folioheft; bildet zusammen mit  25/XVIII,1,3:2 III HIII; von Gruß in Beschreibung von 25/XVIII,1,3:2 auch als ""25/XVIII,1,3:3"" bezeichnet",,
,"25/XVIII,1,4",,"III H4",,,"Faust II, 3. Akt","8516-8523, 8560-8567, 8591-8603",1826,"vor III H3",,,,,,,,,,," Visitenverzeichnis August von Goethe (""1. Persönlich [...], 2. Durch Karten [...]""), oD",,
,"25/XVIII,1,5",,"III H5",,,"Faust II, 3. Akt","8587-8590, 8610-8632",1825,"8587-8590 (25/XVIII,1,5*a) vor III H1; 8610-8632 (25/XVIII,1,5*b) 
vor III H8",,,,,,,"Inhalt","B, S.572"," 8587-8590  auf III H1 nachgetragen
",,,,
,"25/XVIII,1,6:1",,"III H6",,,"Faust II, 3. Akt","8604-8609, 8868-8881, 8929,",,"zusammen mit III H15 entstanden, vor III H17",,,,,,,,"FL, S.94f, 97f (zu Vers 8929)",,,"darauf auch Gedichths. H220 (WA I 3,430)",,
,"25/XVIII,1,6:2",,"III H6",,"P164","Faust II, 3. Akt","8891-8894, 8903-8908 ","Frühjahr 1825; um 29. 03.1825 (P164)",,,,,,,,,"B, S.601",,,,,
,"25/XVIII,1,7:1",,"III H7",,,"Faust II, 3. Akt","8610-8637","Mai 1826",,,,,,,,,,,,,,
,"25/XVIII,1,7:2",,"III H7",,,"Faust II, 3. Akt","8707-8753",,"später als 25/XVIII,1,2c:5",,,,,,,,,,,,,
,"25/XVIII,1,7:3",,"III H7",,,"Faust II, 3. Akt","8882-8902",,"früher als 25/XVIII,1,2c:4",,,,,,,,,,,,,
,"25/XVIII,1,7:4",,"III H7",,,"Faust II, 3. Akt","9385-9410","Mai 1826",,,,,,,,,,"Konzept zu Widmung an Carl Victor Meyer, Beilage zu Brief an N. Meyer, 25.6.1826 (WA IV 41, 77)",,,,
,"25/XVIII,1,7:5",,"III H7",,"P140Var, P141Var, P142Var","Faust II, 3. Akt","8759, 8768, 8775-8779, 8788-8789, 8785, 8812, 8819",,,,,,,,,,"B, S.406",,,,,
,"25/XVIII,1,8",,"III H8",,,"Faust II, 3. Akt",,,,,,,,,,,,,,,,
,"25/XVIII,1,9",,"III H9",,,"Faust II, 3. Akt",,,,,,,,,,,,,,,,
,"25/XVIII,1,10",,"III H10",,"P85","Faust II, 3. Akt"," 8779-8802",1800,,,,,,,,"Inhalt","B, S.550",,,,,
,"25/XVIII,1,11",,"III H11",,,"Faust II, 3. Akt","8803-8825","1825 (unischer)","vor III H1*b",,,,,,,"Inhalt",,,,,,
,"25/XVIII,1,12",,"III H12",,"P172, P52Var","Faust II, 3. Akt","8810-8811","Frühjahr 1825","nach H P167 und H P84",,,,,,,"Inhalt, Duktus","B, S.571",,,,,
,"25/XVIII,2,1",,"III H13",,"P173","Faust II, 3. Akt","8826-8845, ","wahrscheinlich März 1825 (AB)","vor III H1, vor III H17",,,,,,,"Inhalt","FL, S.94f; B, S.584",,,,,
,"25/XVIII,2,2",,"III H14",,"P173, P174","Faust II, 3. Akt","8843-8845, 8879-8880",,"nach III H13, vor III H17",,,,,,,"Inhalt","FL, 94f",,,,,
,"25/XVIII,2,3",,"III H15",,,"Faust II, 3. Akt","8845-8866, 8929, ",1825,"vor III H 16; vor III H17",,,,,,,"Inhalt","FL, S.94f, 97f (zu Vers 8929)","im Zusammenhang mit III H6 entstanden",,,,
,"25/XVIII,2,4",,"III H16",,,"Faust II, 3. Akt","8845-8859","1825 (nach Mitte März 1825?)","nach III H15, vor III H17",,,,,,,"Inhalt; Bezug auf Brief auf Hs","FL, 94f","auf Brief von F. v. Müller an Goethe ""Eben erst finde ich bey meiner Heimkunft ..."" , zwischen Mitte März und 5.4.1825 (?)",,,,
,"25/XVIII,2,5",,"III H17",,,"Faust II, 3. Akt","8845-8881, 8882-8903","Frühjahr 1825",,,,,,,,,"FL, 94f; B, S.587",,,"(falsche Bohnenkamp-Seitenzahl bei Gruß: ""568"")",,
,"25/XVIII,2,6",,"III H18",,,"Faust II, 3. Akt","8850-8870","1824/Frühjahr 1825 (?)","vor III H17",,,,,,,"Inhalt","FL, 94f",,,,,
,"25/XVIII,2,7",,"III H19",,,"Faust II, 3. Akt","8860-8869",,"vor III H17",,,,,,,"Inhalt","FL, 94f","auf Brief von J. K. Wesselhöft an Goethe, 01.10.1824",,,,
,"25/XVIII,2,8",,"III H20",,,"Faust II, 3. Akt","8870-8881, 8929","1824/Frühjahr 1825 (?)","vor III H21, vor III H17",,,,,,,"Inhalt","FL, 94f",,,"auf Konzept zu amtlichem Schriftstück: ""... gnädigsten Zuschusses bedürfen weßhalb wir den Vorschlag thun ...""",,
,"25/XVIII,2,9",,"III H21",,,"Faust II, 3. Akt","8870-8881","1824/Frühjahr 1825 (?)","nach III H20, vor III H17",,,,,,,,,,,,,
,"25/XVIII,2,10",,"III H22",,,"Faust II, 3. Akt","8882-8902, 9078-9121,9165-9181, 9385-9410, 9482-9505, 9629-9678",,,,,,,,,,,,,,,
,"25/XVIII,2,11",,"III H23",,,"Faust II, 3. Akt","8882-8894, 8903-8908, ",,,,,,,,,,,,,"darauf auch Gedichths. H218 (WA I 3, 429f)",,
,"25/XVIII,2,12",,"III H24",,,"Faust II, 3. Akt","8895-8901",,"vor III H17",,,,,,,"Inhalt","FL, 94f",,,,,
,"25/XVIII,2,13",,"III H25",,,"Faust II, 3. Akt","8909-8929",1825,,,,,,,,,"FL, S.94f, 97f (zu Vers 8929)",,,,,
,"25/XVIII,2,14",,"III H26",,,"Faust II, 3. Akt","8930-9000",1825,"nach III H30 und III H34, vor  P165",,,,,,,"Inhalt","B, S.595",,,,,
,"25/XVIII,2,15",,"III H27",,,"Faust II, 3. Akt","8936-8944, 9645-9666","um  30.3.1825 (8936-8944, VS), vor 5.4.1825 (RS)",,,,,,,,,"B, S.609",,,"bildete ursprünglich mit  III H49 einen Foliobogen",,
,"25/XVIII,2,16",,"III H28",,,"Faust II, 3. Akt","8939-8945","Frühjahr 1825",,,,,,,,,,,,"auf Umschlag mit Adresse der Oberaufsicht über die unmittelbaren Anstalten für Wissenschaft und Kunst, J. M. Chr. Färber, mit Poststempel: ""JENA 9 DEC. [?]1824""",,
,"25/XVIII,2,17",,"III H29",,,"Faust II, 3. Akt","8939-8954, 8936",,,,,,,,,,,,,,,
,"25/XVIII,2,18",,"III H30",,,"Faust II, 3. Akt","8957-9029, 9043-9047",,"vor III H26",,,,,,,,,,,"auf Umschlag mit Adresse der Oberaufsicht über die unmittelbaren Anstalten für Wissenschaft und Kunst",,
,"25/XVIII,2,19",,"III H31",,,"Faust II, 3. Akt","9001-9010, 9013-9044","nach 09.03.1825",,9,3,1825,,,,"Bezug auf Theaterzettel","B, S.598","Theaterprogramm, 9.3.1825",,"zur Ergänzung in III H33 bestimmt",,
,"25/XVIII,2,20",,"III H32",,,"Faust II, 3. Akt","9003-9055",,"nach III H31",,,,,,,,,,,,,
,"25/XVIII,2,21",,"III H33",,,"Faust II, 3. Akt","9010-9011, 9022-9044",,,,,,,,,,,,,"auf Umschlag mit Riemers Siegel",,
,"25/XVIII,2,22",,"III H33a",,,"Faust II, 3. Akt","9032-9041","Vorlage für die Ergänzung auf III H2 (25/XVIII,1,2a), nach III H59",,,,,,,,,,"Brief an Caroline Paulus, 6.5.1826",,,,
,"25/XVIII,2,23",,"III H34",,,"Faust II, 3. Akt","9046-9062, 8930-8935, 8954-8956","vor III H26",,,,,,,,,,,,,,
,"25/XVIII,2,24",,"III H35",,,"Faust II, 3. Akt","9071, 9074-9087",,,,,,,,,,,,,,,
,"25/XVIII,2,25",,"III H36",,"P175","Faust II, 3. Akt","9074-9087","Frühjahr 1825","vor III H35",,,,,,,,"B, S.606",,,,,
,"25/XVIII,2,26",,"III H37",,,"Faust II, 3. Akt","9088-9121, 9135-9139, 9149, 9152, 9164",,,,,,,,,,,,,,,
,"25/XVIII,2,27",,"III H38",,,"Faust II, 3. Akt","9122-9126, 9141-9151",,,,,,,,,,,,,,,
,"25/XVIII,2,28",,"III H39",,,"Faust II, 3. Akt","9127-9131","nach 05.12.1824",,5,12,1824,,,,"Bezug auf Brief auf Hs",,"Konzept zu Brief an unbekannten Empfänger, 05.12.1824",,,,
,"25/XVIII,2,29",,"III H40",,,"Faust II, 3. Akt","9132-9134","Frühjahr 1825",,,,,,,,"Datierung auf Hs",,"auf Jenaer Torzettel, 14.4.1795","5. Decbr 1824",,,
,"25/XVIII,2,30",,"III H41",,,"Faust II, 3. Akt","9139-9151","ab 18.11.1824",,,,,,,,"Bezug auf Brief auf Hs",,,,"Gutachten (oder Brief) über das großherzogliche lithographische Institut, oD",,
,"25/XVIII,2,31",,"III H42",,,"Faust II, 3. Akt","9152-9164, 9207-9208","Frühjahr 1825, vermutlich 29.3.1825 (AB)","vor III H1",,,,,,,,"B, S.604",,,,,
,"25/XVIII,2,32",,"III H43",,"P166","Faust II, 3. Akt","9165-9181","05.04.1825 (Pniower); März 1826 (FL)",,,,,,,,"Inhalt","Pniower, Nr. 390; FL, S.109; B, S.631",,,,,
,"25/XVIII,2,33",,"III H44",,,"Faust II, 3. Akt","9182-9191","1824/1825 (?)",,,,,,,,"Bezug auf Brief auf Hs",,"Konzept zu Brief an J. F. Blumenbach, 23.04.1824",,,,
,"25/XVIII,2,34",,"III H45",,,"Faust II, 3. Akt","9192-9272",,"vor III H2",,,,,,,,,,,,,
,"25/XVIII,2,35",,"III H46",,,"Faust II, 3. Akt","9273-9332","31.03.1826",,31,3,1826,,,,"Datierung auf Hs",,,"31. März 1826","mit gleicher Datierung von John geschrieben auf III H2 ",,
,"25/XVIII,2,36",,"III H47",,,"Faust II, 3. Akt","9325-9332","1825/bis Ende März 1826 (?)",,,,,,,,,,"auf Umschlag mit Adresse Goethes, J. W. Hoffmann mit Siegelabdruck ""Wilh. Hoffmann""",,,,
,"25/XVIII,2,37",,"III H48",,,"Faust II, 3. Akt","9346-9355, 9375-9384","1825/1826 (?)",,,,,,,,,,,,,,
,"25/XVIII,2,38",,"III H49",,"P158","Faust II, 3. Akt","9385-9400, 9629-9644","Verse vor 05.04.1825, P158 später (März 1826, Schillemeit)","vor III H2",,,,,,,,"Schillemeit, Trimeter; B, S.401-403",,,"gehörte ursprünglich mit III H27 zu einem Bogen",,
,"25/XVIII,2,39",,"III H50",,,"Faust II, 3. Akt","9401-9410, 9413-9414",,,,,,,,,,,,,,,
,"25/XVIII,2,40",,"III H51",,,"Faust II, 3. Akt","9454-9469","Früjhahr 1826 (um 14.04.1826)",,,,,,,,"Bezug auf Brief auf Hs",,"Brief an C. G. Frege und Co., 14.4.1826",,,,
,"25/XVIII,3,1",,"III H52",,,"Faust II, 3. Akt","9466-9477",,"vor III H2",,,,,,,,,,,"gehörte ursprünglich III H2",,
,"25/XVIII,3,2",,"III H53",,"P169","Faust II, 3. Akt","9474-9481","nach 14. Juni 1825 (AB); nach 22.06.1826 (FL)",,14,6,1825,,,,"Bezug auf Quelle und Ausleihdatum","FL, S.117; B, S.628",,,"ursprünglich Teil der Druckvorlage zu C.1 Bd 4, 1827",,
,"25/XVIII,3,3",,"III H54",,,"Faust II, 3. Akt","9735-9736, Szenar vor 9482",,,,,,,,,,,"Brief an Ch. M. Engelhardt, 22.4.1826",,"Szenar vor  9482 (25/XVIII,3,3*b) nachträglich in III H2 ergänzt",,
,"25/XVIII,3,4",,"III H55",,,"Faust II, 3. Akt","9482-9505","Frühjahr 1826 (wahrscheinlich)","vor III H56",,,,,,,"Inhalt","B, S.640",,,,,
,"25/XVIII,3,5",,"III H56",,,"Faust II, 3. Akt","9482-9505","ab 22.04.1826 (Gruß)","nach III H55",,,,,,,"(unklar)",,,,,,
,"25/XVIII,3,6",,"III H57",,,"Faust II, 3. Akt","9506-9573, 9992-9996, 9992-10038","Frühjahr 1826 (FL)","nach III He",8,5,1826,,,,,"FL, S.143; B, S.646",,,,,
,"25/XVIII,3,7",,"III H58",,,"Faust II, 3. Akt","9506-9525, 9506-9525","seit dem 7.7.1825",,7,7,1825,,,,,,,,"auf Teil eines Inhaltsverzeichnisses zu ""Inschriften, Denk- und Sende-Blätter""",,
,"25/XVIII,3,8",,"III Hd",,,"Faust II, 3. Akt","9506-9521, 9564-9569, 9570-9573",,,,,,,,,,,,,,,
,"25/XVIII,3,9",,"III H59",,,"Faust II, 3. Akt","9032-9040, 9526-9544, 9566-9569, 9574-9580, 10009-10010, ",,"vor III H33a",,,,,,,,,,,"auf Teil eines Umschlags mit Aufschrift egh: ""1795""",,
,"25/XVIII,3,9a",,"III Hf",,"P176","Faust II, 3. Akt","9550-9573","Frühjahr 1826 (Verse), vor Frühjahr 1826 (P176)","nach H P176Var; vor III Hg",,,,,,,"relative Chronologie","B, S.625",,,"bildete ursprünglich mit H P176Var (25/XIX,2,17) und 25/XVIII,4,11
ein Folioblatt",,
,"25/XVIII,3,10",,"III Hg",,,"Faust II, 3. Akt","9550-9573",,"nach III Hf",,,,,,,,,,,"auf Umschlag mit auf das Anatomische Kabinett in Jena bezüglicher Aufschrift Geist(?): ""Museum menschlicher Anatomie""",,
,"25/XVIII,3,11",,"III H60",,"P170a (FL)","Faust II, 3. Akt","9574-9604, 9623-9628, 9623-9628, 9604-9605","13.6.1826 (FL)",,,,,,,,,"FL, S.85f, 123; B, S.652",,,,,
,"25/XVIII,3,12",,"III H61",,,"Faust II, 3. Akt","9574-9603",,"vor III H2 (?)",,,,,,,,,,,"Vorlage für III H2",,
,"25/XVIII,3,13",,"III H62",,,"Faust II, 3. Akt","9603-9628",,"nach III HIII",,,,,,,,,,,"ursprünglich als Blatt 130 zu  H gehörig ( FL, S.124)",,
,"25/XVIII,3,14",,"III H63",,,"Faust II, 3. Akt","9604-9623",,"vor III H2 (?)",,,,,,,,,,,"Vorlage für III H2",,
,"25/XVIII,3,15",,"III H64",,,"Faust II, 3. Akt","9623-9628","Frühjahr 1826",,15,5,1826,,,,"Bezug auf Brief auf Hs",,"Brief an W. J. E. v. Schmidt-Phiseldeck, 15.5.1826",,,,
,"25/XVIII,3,16:1",,"III Hh",,,"Faust II, 3. Akt","9629-9678",,"vor III H2",,,,,,,,,,,,,
,"25/XVIII,3,16:2",,"(oS)",,,"Faust II, 3. Akt","9629-9678",,,,,,,,,,,,,"Abschrift von K.Ruland",,
,"25/XVIII,3,17",,"III H65",,,"Faust II, 3. Akt","9687-9694, Szenar nach 9678, Szenar nach 9954",,,,,,,,,,,,,"Exzerpt aus: ""Einige Serbische Volksgesänge aus der Sammlung des Herrn Wuk Stephanowitsch Karadzitsch""",,
,"25/XVIII,3,18",,"III H66",,"P177","Faust II, 3. Akt","9679-9694, 10030-10038 ",,,,,,,,,,"B, S.647 (ohne Datierung)",,,,,
,"25/XVIII,3,19",,"III H67",,,"Faust II, 3. Akt","9695-9734, 8625-8627",,,,,,,,,,,,,"Bl 1:Konzept zur ""Anzeige von Goethe's sämmtlichen Werken, vollständige Ausgabe letzter Hand. Unter des Durchlauchtigsten Deutschen Bundes schützenden Privilegien"" ",,
,"25/XVIII,3,20",,"III H68",," ","Faust II, 3. Akt","9767-9810, Szenar vor 9811",,"vor III H69",,,,,,,,,,,,,
,"25/XVIII,3,21",,"III H69",,,"Faust II, 3. Akt","9767-9793, 9955-9959",,"nach III H68",,,,,,,,,,,,,
,"25/XVIII,3,21a",,"(oS)",,,"Stammbuchblatt Ottilie v. Goethes","9855-9862","1.7.1828 (Gruß)",,,,,,,,,,"auf Stammbuchblatt für Goethe, Ottilie von, mit Eintragung von Pauline Stieler, 2.7.1828",,,,
,"25/XVIII,3,22",,"III H70",,,"Faust II, 3. Akt","9863-9893, 9907-9938","Frühjahr 1826",,,,,,,,,,,,"Notizen ""v. Humboldt/ Cuvier/ Gerhard/ Hase/ Cousin/ Stapfer/ J. J. A. Globe 55.64""",,
,"25/XVIII,3,23",,"III H71",,,"Faust II, 3. Akt","9899-9906, 9960-9961","nach 25.04.1826",,,,,,,,,,"auf Brief von Goethe an Ch. G. Frege 25.4.1826",,,,
,"25/XVIII,3,24",,"III H72",,,"Faust II, 3. Akt","9903-9914",,,,,,,,,,,,,"metrische Schemata, Riemer und Titel ""Helena classisch-romantische Phantasmagorie Zwischenspiel zu Faust""",,
,"25/XVIII,3,25",,"III H73",,,"Faust II, 3. Akt","9939-9940","vor  6.2.1827","vor III H74",,,,6,2,1827,"Bezug auf Text auf Hs","B, S.655","Konzept zu Aufsatz ""Chinesisches"" (erschienen 06.02.1827)",,,,
,"25/XVIII,3,26",,"III H74",,,"Faust II, 3. Akt","9939-9940",,"nach III H73",,,,,,,,"B, S.655",,,"Brief an unbekannten Empfänger ""Diesen deutet mir denn auch...""",,
,"25/XVIII,3,27",,"III H75",,,"Faust II, 3. Akt","9939-9943",,"nach III H74",,,,,,,,,,,"""West-östlicher Divan. Aus dem Nachlaß"" (H.16), Notiz zS: ""Baron Stroganoff. Hofrath Franz Woerth""",,
,"25/XVIII,3,28",,"III H76",,,"Faust II, 3. Akt","9941-9944, 9989-9991",,,,,,,,,,,,,,,
,"25/XVIII,3,29",,"III H77",,,"Faust II, 3. Akt","9945-9954, ","um 15.03.1826",,,,,,,,,,"Konzept zu Brief an Ch. G. Graf von Bernstorff, 15.03.1826",,,,
,"25/XVIII,3,30",,"III H78",,,"Faust II, 3. Akt","9958-9961","Mai 1826 (?)",,,,,,,,"Bezug auf Tagebuchnotizen auf Hs",,"auf Brief von Goethe an Ministerium der auswärtigen Angelegenheiten in Kassel, 1.11.1825 bzw. an J. I. Graf von Beroldingen (bestimmt für den König von Württemberg), 27.10.1825;  Konzept zu Brief an J. Ch. Stark d. J., zwischen 15. und 20.5.1826; Konzept zu Brief von Goethe an A. Le Bret, 24.5.1826;  Notizen zu Tagebucheinträgen für 26.(?), 28.(?) und 30.10.1825",,,,
,"25/XVIII,3,31",,"III H79",,,"Faust II, 3. Akt","9962-9984",,"nach III H78a",,,,,,,,,,,"gehörte ursprünglich zu III H2",,
,"25/XVIII,3,32",,"III H80",,,"Faust II, 3. Akt","9985-9991, 10024-10029, ","nach 13.04.1824",,,,,,,,"Bezug auf Brief auf Hs",,"auf Brief von Goethe an A. v. Levetzow, 13.4.1824; Konzept zu dem Denkblatt zu ""Am 25. Februar 1824"" Vers 1-2",,,,
,"25/XVIII,3,33",,"III H81",,,"Faust II, 3. Akt","9992-10030",,,,,,,,,,,,,,,
,"25/XVIII,3,34*a","Sammlung Kippenberg, K. K. 123","(oS)",,,"Faust II, 3. Akt","8707-8724",,,,,,,,,,,,,,,
,"25/XVIII,3,34*b","Sammlung Kippenberg, K. K. 123","(oS)",,,"Faust II, 3. Akt","9385-9410",,,,,,,,,,,,,,,
,"25/XVIII,3,34*c","Sammlung Kippenberg, K. K. 123","(oS)",,,"Faust II, 3. Akt","8895-8902",,,,,,,,,,,,,,,
,"25/XVIII,3,34*d","Sammlung Kippenberg, K. K. 123","(oS)",,,"Faust II, 3. Akt","9152-9164",,,,,,,,,,,,,,,
,"25/XVIII,3,34*e","Sammlung Kippenberg, K. K. 123","(oS)",,,"Faust II, 3. Akt","8887-8894",,,,,,,,,,,,,,,
,"25/XVIII,3,34*f","Sammlung Kippenberg, K. K. 123","(oS)",,,"Faust II, 3. Akt","9645-9661",,,,,,,,,,,,,,,
,"25/XVIII,4,1","Edinburgh Ms. D. Laing II 162","III Halpha",,,"Faust II, 3. Akt","9182-9191","10.04.1824",,,,,,,,"Datierung auf Hs","FL, S.144f",,"d. 20 Apr. 1825.",,,
,"25/XVIII,4,1a","unbekannt (Berlin, J. A. Stargardt, Kat. 634, 1985, Nr. 106)","(oS)",,,"Faust II, 3. Akt","9234-9235",,,,,,,,,,,,,,,
,"25/XVIII,4,1b","Vicenza (Italien), Biblioteca Civica Bertoliana","(oS)",,,"Faust II, 3. Akt","9285-9288",,,,,,,,,,,,,,,
,"25/XVIII,4,2","UB Leipzig, Sammlung Hirzel, B 493","III Ha",,,"Faust II, 3. Akt","9289-9304",,,,,,,,,,,,,,,
,"25/XVIII,4,3","Cologny, Bibliotheca Bodmeriana","III Hm (FL)",,,"Faust II, 3. Akt","9356-9364",,,,,,,,,,"FL, S.146",,,,,
,"25/XVIII,4,4","Düsseldorf, Sammlung Kippenberg, K. K. 14","III Hb",,,"Faust II, 3. Akt","9419-9434","nach  22.06.1826 (?)",,,,,,,,,"FL, S.162f",,,,,
,"25/XVIII,4,5","London, The British Library, Autogr. Add. 20723 f. 36","III Hc",,,"Faust II, 3. Akt","9442-9453, 9466-9477",,,,,,,,,,,,,"Brief ""einer ganz eigentlichen Facultäts-Professur ..."", Konzept August von Goethe, nicht bestimmt",,
,"25/XVIII,4,6","Cologny, Bibliotheca Bodmeriana","III Hn",,,"Faust II, 3. Akt","9454-9472","Frühjahr 1826",,,,,,,,"Bezug auf Brief auf Hs",,"Konzept zu Brief an Carl August von Sachsen-Weimar-Eisenach, 23.12.1823",,"Aufschrift Eckermann ""Zahme Xenien II""",,
,"25/XVIII,4,6a","Düsseldorf, Sammlung Kippenberg, K. K. 123","(oS)",,,"Faust II, 3. Akt","9482-9499",,,,,,,,,,,,,"metrische Schemata, Riemer",,
,"25/XVIII,4,6b","New York, The Pierpont Morgan Library, MA 877
","(oS)",,,"Faust II, 3. Akt","9506-9580",,,,,,,,,,,,,,,
,"25/XVIII,4,7",,"III He","UB Leipzig, Sammlung Hirzel, B 492",,"Faust II, 3. Akt","9526-9537",,,,,,,,,,,,,,,
,"25/XVIII,4,7a","Marbach, Cotta-Archiv, Goethe, Briefe 233",,,,"Faust II, 3. Akt","9939-9943","vor 28.03.1827",,,,,28,3,1827,"Bezug auf Brief",,"in Beilage zu Brief an Wilhelm Reichel, 18.3.1827",,,,
,"25/XVIII,4,8","New York, The Pierpont Morgan Library, Misc Heineman MS MAH Goethe 1B
","III Hl (FL)",,,"Faust II, 3. Akt","9992-9998, 10034-10038",,,,,,,,,,"FL, S.145f",,,,,
,"25/XVIII,4,9","Cologny, Bibliotheca Bodmeriana","III Hk (FL)",,,"Faust II, 3. Akt","9679-9694",,,,,,,,,,"FL, S.145",,,,,
,"25/XVIII,4,9a","unbekannt (Bonn, Antiquariat Friedrich Cohen, Lagerkatalog 97, 1900, S. 11, Nr. 99)
","(oS)",,,"Faust II, 3. Akt","9999-10004",,,,,,,,,,,,,,,
,"25/XVIII,4,10","unbekannt","(oS)",,,"Faust II, 3. Akt","9550-9557",,,,,,,,,,,,,"Teil von III Hf, Faksimile aus Henrici, Kat. 152, 8.05.1929",,
,"25/XVIII,4,11
","unbekannt","(oS)",,,"Faust II, 3. Akt","9550-9573",,,,,,,,,,,,,"Teil von III Hf, Faksimile aus: Friedrich-Meyers Buchhandlung, Auktion 3, Nr. 422",,
,"25/XVIII,5,1:1",,"(oS)",,,"Faust II, 3. Akt","blauer Umschlag mit Aufschrift ""Faust IIr Theil Vierter Akt. Erste Hälfte""",,,,,,,,,,,,,,,
,"25/XVIII,5,1:2",,"(oS)",,,"Faust II, 3. Akt","Umschlag mit Aufschrift  ""Faust. Handschriftliches""",,,,,,,,,,,,,,,
,"25/XVIII,5,2",,"IV H1",,,"Faust II, 4. Akt","10039-10066, 10917-10930","(Juni 1831: 10917-10930)","Fortsetzung von IV H20, Fortsetzung auf IV Hg",,,,,,,,"B, S.668",,,,,
,"25/XVIII,5,3",,"IV H2",,,"Faust II, 4. Akt","10067-10070, 10107-10121, 10130-10121, 10155-10159",,"nach IV H5",,,,,,,"Inhalt","B, S.707",,,"(Versangaben bei Gruß ungenau?)",,
,"25/XVIII,5,4",,"IV H3",,,"Faust II, 4. Akt","10067-10134",,,,,,,,,,,,,,,
,"25/XVIII,5,5",,"IV H4",,,"Faust II, 4. Akt","10095-10129","um 22.02.1831",,,,,,,,"Datierung auf Brief auf Hs",,"Konzept  zu Brief an Ch. P. W. F. Beuth, 22.02.1831",,,,
,"25/XVIII,5,6",,"IV H5",,"P187, P188Var, P189","Faust II, 4. Akt","10123-10175","um  18.6.1831",,,,,,,,,"B, S.696f",,,"Adresse John:""An die Herren Parisch u. Comp. in Hamburg""",,
,"25/XVIII,5,7:1",,"IV H6",,"P185, P186","Faust II, 4. Akt","10156-10159, 10247-10251, 10297-10310, 10313-10318","Frühjahr 1831","nach IV H8",,,,,,,,"B, S.691",,,"zu IV H6 gehört auch 25/XVIII,5,7:2",,
,"25/XVIII,5,7:2",,"IV H6",,,"Faust II, 4. Akt","10280-10292, 10555-10562",,"vor IV H8",,,,,,,"Relative Chronologie","B, S.666",,,,,
,"25/XVIII,5,8",,"IV H7",,,"Faust II, 4. Akt","10212-10263",,,,,,,,,,,,"21. May [1831]","Bl 8 = Briefumschlag mit Adresse Goethes, Siegel von J. F. Rochlitz und Poststempel: ""Leipzig 21. May"" [1831]",,
,"25/XVIII,5,9",,"IV H8",,"P184","Arbeitsmundum mit Aufschrift egh: ""Faust Vierter Act. Zweyte Hälfte""","10297-10366, 10531-10532, 10640-10848","Juni 1831","vor IV H13",16,5,1831,,,,"Relative Chronologie","B, S.727f",,,,,
,"25/XVIII,5,10",,"IV H9",,,"Faust II, 4. Akt","10345-10398, 10427-10428",,"vor IV H15, vor IV H8",,,,,,,"Relative Chronologie","B, S.666",,,,,
,"25/XVIII,5,11",,"IV H10",,,"Faust II, 4. Akt","10385-10392, 10455-10462",,"nach IV H11, nach IV H13",,,,,,,"Relative Chronologie","B, S.667",,,"angeklebter Blattstreifen bildete ursprünglich ein Blatt mit IV H15",,
,"25/XVIII,5,12",,"IV H11",,,"Faust II, 4. Akt","10385-10392, 10399-10406, 10427-10438, 10455-10460
",,"vor IV H10, vor IV H13",,,,,,,"Relative Chronologie","B, S.666f",,,"vor der Zertrennung des Blattes gingen Verse 10455-10462 den Versen 10463-10472 auf IV H15 voran",,
,"25/XVIII,5,13",,"IV H12",,"P183, P191, P192","Faust II, 4. Akt","10407-10422",,"nach IV H19, nach P181/182, vor IV H13",,,,,,,"Relative Chronologie","B, S.666f, 720",,,"nachträglich in zwei Teile zerschnittenes Folioblatt",,
,"25/XVIII,5,14:1",,"IV H13",,,"Faust II, 4. Akt","10407-10564, ",,"nach IV H8",,,,,,,"Relative Chronologie","B, S.666f",,,,,
,"25/XVIII,5,14:2",,"IV H13a (Findbuch)",,,"Faust II, 4. Akt","Inzipit: ""Faust geharnischt"" (Beginn 4. Akt)",,,,,,,,,,,,,"auf Teil eines Brief(?)-Umschlags mit Siegelresten",,
,"25/XVIII,5,15",,"IV H14",,,"Faust II, 4. Akt","10423-10454, 10473-10474",,"vor IV H13",,,,,,,"Relative Chronologie","B, S.666f",,,,,
,"25/XVIII,5,16",,"IV H15",,,"Faust II, 4. Akt","10427-10438, 10463-10472",,"nach IV H9 (Verse 10427f), im Anschluss an Ergänzungsblatt zu IV H10 (Verse 10463ff), vor IV H13",,,,,,,"Relative Chronologie","B, S.666f",,,"bildete ursprünglich mit dem Ergänzungsblatt von IV H10 ein Blatt",,
,"25/XVIII,5,17",,"IV H16",,,"Faust II, 4. Akt","10442-10446","nach 08.12.1831","nach IV H13, nachträglich in H ergänzt",,,,,,,"Datierung auf Brief auf Hs","B, S.667, 669","auf Frachtbrief zu einer Lieferung des Frankfurter Konditors A. Bernoully an Goethe, 8.12.1831",,,,
,"25/XVIII,5,18",,"IV H17",,,"Faust II, 4. Akt","10475-10502,10565-10570",,"vor IV H18, vor IV H13",,,,,,,"Relative Chronologie","B, S.666f",,,,,
,"25/XVIII,5,19",,"IV H18",,,"Faust II, 4. Akt","10475-10546, 10212-10233, 10120-10121",,"nach IV H8, nach IV H17, vor IV H13",,,,,,,"Relative Chronologie","B, S.666f",,,"Notiz ""Galilei Dialogis de Systema [...] Cosm[icum] Doppelte Benennung vid. Dial. 4""",,
,"25/XVIII,5,20",,"IV H19",,"P191Var","Faust II, 4. Akt","10512-10518, 10525-10526, 10534, 10546-10547, ",,"vor IV H12, vor IV H8, vor IV H13, P191 Var nach P181/182",,,,,,,"Relative Chronologie","B, S.666, 714",,,"gehörte mit IV zu einem Foliobogen, auf Umschlag mit Adresse Goethes, F. J. Soret: ""[...] Excellence Baron. Ministre d Etat d Goethe Weimar""",,
,"25/XVIII,5,21",,"IV H20",,"P182","Faust II, 4. Akt","10555-10562, 10899-10916, ","vmtl Juni 1831, nach P178","Fortsetzung von IV Hf, Fortsetzung auf IV H1",,6,1830,22,7,1831,"Inhalt","B, S.668, 711f",,,"bildete mit H P181 einen Foliobogen ",,
,"25/XVIII,5,22",,"IV H21",,,"Faust II, 4. Akt","10557-10564",,"nach IV H13",,,,,,,"Relative Chronologie","B, S.667","Ergänzung zu IV H13",,,,
,"25/XVIII,5,23",,"IV H22",,"P178","Faust II, 4. Akt","10598-10639","16.05.1831 (Schema), Verse später, aber vor H",,,,,,,,"Datierung auf Hs","Düntzer, Letzte Akte; B, S.686f",,"d. 16. May 1831",,"Datierung fehlt bei Gruß (?)",
,"25/XVIII,5,24",,"IV H22a",,,"Faust II, 4. Akt","10717-10733, 10737-10741, 10750-10755, 10993ff","nach 30.05.1831","vor IV H8",30,5,1831,,,,"Datierung auf Quittung aug Hs, relative Chronologie","B, S.666, 686f","auf Quittung von K. W. Göttling für Goethe, 30.5.1831",,,,
,"25/XVIII,6,1","Cologny, Bibliotheca Bodmeriana","IV Ha",,,"Faust II, 4. Akt","10270-10286, 10292-10296, ",,,,,,,,,,"B, S.724",,,,,
,"25/XVIII,6,1d",,"?",,,"Faust II, 4. Akt","10917-10922",,,,,,,,,,,,,,,"Signaturen 25/XVIII,6,1a-c sind nicht verzeichnet!! 25/XVIII,6,1d identisch mit 25/XVIII,6,1e*d??"
,"25/XVIII,6,1e","Cologny, Bibliotheca Bodmeriana","IV Hb",,"P197","Faust II, 4. (5.) Akt","10419-10420,10899-10901, 10910, 10917-10922, ","Frühjahr 1831 (P197)",,,,,,,,,"B, S.806",,,,,"P197 wurde früher auch dem 5. Akt zugeordnet"
,"25/XVIII,6,2","Cologny, Bibliotheca Bodmeriana","IV Hb",,,"Faust II, 4. Akt","10899-10922",,,,,,,,,,,,,,,"identisch mit 25/XVIII,6,1e??"
,"25/XVIII,6,3","Cologny, Bibliotheca Bodmeriana","IV Hc",,"P193","Faust II, 4. Akt","10565-10570, 10849-10888","Juni 1831, vor 22.07.1831","Fortsetzung auf IV Hf",,,,22,7,1831,"Inhalt","B, S.668, 736",,,"ursprünglich 1. Teil eines Arbeitsmundums, Fortsetzung auf IV ; GSA-Sognatur laut B, S.734: XVIII,c",,
,"25/XVIII,6,4","UB Leipzig, Sammlung Hirzel, B 495","IV Hd",,,"Faust II, 4. Akt","10693-10702, 10707-10716, 10725-10726, 10737-10741, 10768-10773",,"10768-10773 vor IV He",,,,,,,,,,,"gehörte ursprünglich mit IV H19 zu einem Foliobogen",,
,"25/XVIII,6,5","Leipzig, UB, Sammlung Hirzel, B 496","IV He",,,"Faust II, 4. Akt","10762-10775, 10780-10781",,"vor IV H8",,,,,,,"Relative Chronologie","B, S.666",,,,,
,"25/XVIII,6,6","Cologny, Bibliotheca Bodmeriana","IV Hf",,,"Faust II, 4. Akt","10889-10898","Juni 1831, vor 22.07.1831","Fortsetzung von IV Hc, Fortsetzung auf IV H20",,,,22,7,1831,"Inhalt","B, S.668",,,"Teil eines Arbeitsmundums, Fortsetzung auf IV H20",,
,"25/XVIII,6,7","Cologny, Bibliotheca Bodmeriana","IV Hg",,,"Faust II, 4. Akt","10931-11022","Juni 1831, vor 22.07.1831","Fortsetzung von IV H1, Fortsetzung auf IV Hh",,,,22,7,1831,"Inhalt","B, S.668",,,"ursprünglich Teil eines Arbeitsmundums, Fortsetzung auf IV H.h",,
,"25/XVIII,6,7a","Cologny, Bibliotheca Bodmeriana","IV Hg",,,"Faust II, 4. Akt"," 10981-11022",,,,,,,,,,,,,"identisch mit   25/XVIII,6,7??

",,
,"25/XVIII,6,8","Hannover, Stadtarchiv, 666; V.064 (Sammlung Culemann)","IV Hh",,,"Faust II, 4. Akt","11023-11042","Juni 1831, vor 22.07.1831","Fortsetzung von IV Hg",,,,22,7,1831,"Inhalt","B, S.668",,,,,
,"25/XVIII,7,1",,"V H1a (Findbuch)",,,"Faust II, 5. Akt","11103-11106","ab 24.04.1831",,24,4,1831,,,,"Bezug auf Tagebuch auf Hs",,"Konzept zu Tagebuchnotiz zum 24.4.1831 ",,"gehörte ursprünglich mit 25/XVIII,8,2 und 25/XVIII,8,3 zu einem Blatt",,
,"25/XVIII,7,1a",,"(oS)",,,"Faust II, 5. Akt","11123-11124",,,,,,,,,,,,,"gehörte ursprünglich zu V Hk; 1834 oder später abgeschnitten (Landeck, S.92)",,
,"25/XVIII,7,2",,"V H1",,,"Faust II, 5. Akt","11143-11407",,,,,,,,,,,,,,,
,"25/XVIII,7,3",,"V H2",,"P203Var, P97 (Abschrift), P98","Faust II, 5. Akt","11384-11831","Frühjahr 1826 (Hertz, Landeck), Frühjahr 1825 (AB)",,,,,,,,"Tagebuch, 13.-1^6.03.1825 (AB)","Hertz, II Akt 5, S.248, 265; Landeck, S.80f; B, S.785f",,,"                                                   ",,
,"25/XVIII,7,4",,"V H3",,,"Faust II, 5. Akt","11402-11411",,"vor V H4 (1. und 2. Konzept nach Landeck, 1. und 3. nach WA)",,,,,,,"Relative Chronologie","Düntzer, Letzte Akte; Bluhm, Entwicklung; Landeck, S.xx; B, S.763",,,,,
,"25/XVIII,7,5",,"V H4",,"P198, P202a","Faust II, 5. Akt","11402-11422, 11437-11439, 
","Frühjahr 1825","nach V H3 (11402ff: 3, Konzept nach Landeck, 2. nach WA)",,,,,,,"Relative Chronologie","Düntzer, Letzte Akte; Bluhm, Entwicklung; Landeck, S.xx; B, S.763",,,,,
,"25/XVIII,7,6",,"V H5",,,"Faust II, 5. Akt","11402-11423",,"nach V H4, vor V H6 (11402ff: 4. Konzept)",,,,,,,"Relative Chronologie","Düntzer, Letzte Akte; Bluhm, Entwicklung; Landeck, S.xx; B, S.763",,,"--------------------------------------------------------------------------------",,
,"25/XVIII,7,7",,"V H6",,,"Faust II, 5. Akt","11402-11423",,"nach V H5 (11402ff: 5. Konzept), vor V H8",,,,,,,"Relative Chronologie","Düntzer, Letzte Akte; Bluhm, Entwicklung; Landeck, S.xx; B, S.763",,,"zu IV H.6 gehört ferner 25/XVIII,5,7:1",,
,"25/XVIII,7,8",,"V H7",,,"Faust II, 5. Akt","11402-11423",,"nach V H8 (11402ff: 6. Konzept), vor V H8",,,,,,,"Relative Chronologie","Düntzer, Letzte Akte; Bluhm, Entwicklung; Landeck, S.xx; B, S.763",,,,,
,"25/XVIII,7,9",,"V H8",,,"Faust II, 5. Akt","11407-11419",,"nach V H6, vor V H7",,,,,,,"Relative Chronologie","Düntzer, Letzte Akte; Bluhm, Entwicklung; Landeck, S.xx; B, S.763",,,,,
,"25/XVIII,7,10",,"V H9",,,"Faust II, 5. Akt","11424-11436",,,,,,,,,,,,,,,
,"25/XVIII,7,11",,"V H10",,,"Faust II, 5. Akt","11439-11452","Ende Febr. oder Anfang März 1825",,,,,,,,,"Landeck, S.124",,,"ursprünglich ein Bogen mit 25/XVIII,7,14",,
,"25/XVIII,7,12",,"V H11",,,"Faust II, 5. Akt","11467-11486, 11487-11488, 11495-11498

",,"vor  V H12",,,,,,,"Relative Chronologie",,,,,,
,"25/XVIII,7,13:1",,"V H12",,,"Faust II, 5. Akt","11487-11502",,"nach V H11",,,,,,,"Relative Chronologie",,,,,,
,"25/XVIII,7,13:2",,"V H12",,,"Faust II, 5. Akt","11503-11504",,"nach V H11",,,,,,,"Relative Chronologie",,,,,,
,"25/XVIII,7,14",,"V H13",,,"Faust II, 5. Akt","11487-11506, 11511-11530
",,"nach V H11, nach V H15, vor V H13",,,,,,,"Relative Chronologie","Landeck, S.128-131",,,"ursprünglich ein Bogen mit 25/XVIII,7,12",,
,"25/XVIII,7,15",,"V H14",,,"Faust II, 5. Akt","11511-11530",,"nach V H13",,,,,,,"Relative Chronologie","Landeck, S. 132-133",,,,,
,"25/XVIII,7,16",,"V H15",,,"Faust II, 5. Akt","11519-11526",,"vor V H13",,,,,,,"Relative Chronologie",,,,,,
,"25/XVIII,7,17:1",,"V H16",,,"Faust II, 5. Akt","11573-11576",,,,,,,,,,,,,,,
,"25/XVIII,7,17:2",,"(oS)",,,"Faust II, 5. Akt","11573-11576",,,,,,,,,,,,,"Abschrift von V H16",,
,"25/XVIII,7,18",,"V H17",,,"Faust II, 5. Akt","11593-11595, 11614-11619, 11701-11707
","nach 27.2.1825",,27,2,1825,,,,"Bezug auf Brief auf Hs",,,,"Konzept zu Brief an K. L. Graf v. Beust, 27.2.1825",,
,"25/XVIII,7,19",,"V H18",,,"Faust II, 5. Akt","11595-11603",,,,,,,,,,,,,,,
,"25/XVIII,7,20",,"V H19",,,"Faust II, 5. Akt","11620-11635, 11670
",,,,,,,,,,,,,,,
,"25/XVIII,7,21",,"V H20",,,"Faust II, 5. Akt","11622-11625, 11626ff,  11648-11651",,,,,,,,,,,,,"ursprünglich ein Folioblatt mit V H.22 (25/XVIII,7,23)",,
,"25/XVIII,7,22",,"V H21",,,"Faust II, 5. Akt","11636-11655, 11685-11698
",,,,,,,,,,,,,"ursprünglich ein Folioblatt mit V H.28 (25/XVIII,7,29)",,
,"25/XVIII,7,23",,"V H22",,,"Faust II, 5. Akt","11638-11647, 11653-11655, 11685-11692
",,,,,,,,,,,,,"bildete ursprünglich mit H.20 (25/XVIII,7,21) ein Folioblatt, das erst nach der Beschriftung getrennt wurde",,
,"25/XVIII,7,24",,"V H23",,"P199, P200, P201, P202, P206, P207, ","Faust II, 5. Akt","11638-11639, 11735-11742, 11779-11782, ",,,,,,,,,,,,,"Sammelblatt",,
,"25/XVIII,7,25",,"V H24",,"P205","Faust II, 5. Akt","11656-11658, 11676-11684, 11753-11755, 11715",,,,,,,,,,"Landeck S. 151-153",,,"Sammelblatt; Konzept zu Brief an Karl August, 26.2.1825; Diktatnotiz zu Bericht an Karl August",,
,"25/XVIII,7,26",,"V H25",,,"Faust II, 5. Akt","11658-11659, 11670-11675, 11711-11723",,,,,,,,,,,,,,,
,"25/XVIII,7,27",,"V H26",,,"Faust II, 5. Akt","11699-11709, 11735-11744",,,,,,,,,,,,,,,
,"25/XVIII,7,28",,"V H27",,,"Faust II, 5. Akt","11710-11715","nach 10.2.1825","vor  V H28",,,,,,,,"Landeck, S.158",,,"meteorologisches Fragment (LA I 11,253,33f)
",,
,"25/XVIII,7,29",,"V H28",,,"Faust II, 5. Akt","11710-11716","um 27.2.1825","nach V H27",,,,,,,"Bezug auf Brief auf Hs","Landeck, S 159f",,,"Konzept zu Brief an Staatsarchiv Hannover, um 27.2.1825; bildete ursprünglich ein Folioblatt mit V H21",,
,"25/XVIII,7,30",,"V H29",,,"Faust II, 5. Akt","11716-11725",,,,,,,,,,,,,"auf Brief an unbekannten Empfänger: ""welche gefällige Bemühung jederzeit dankbarlichst zu erkennen...""; Notiz John: ""Vom 6n bis zum 30n Juny. 1822""",,
,"25/XVIII,7,31",,"V H30",,,"Faust II, 5. Akt","11726-11734, 11745-11752, 11801-11808, 11817-11824, ",,"vor V H31",,,,,,,"Bezug auf Brief auf Hs",,,,"Konzept zu Brief an F. Schlosser, 8.3.1825",,
,"25/XVIII,7,32",,"V H31",,"P203","Faust II, 5. Akt","11726-11734, 11825-11831, ",,"nach V H30",,,,,,,,,,,,,
,"25/XVIII,7,33",,"V H32",,,"Faust II, 5. Akt","11753-11831",,"vor V H2",,,,,,,,,,,,,
,"25/XVIII,7,34",,"V H33",,,"Faust II, 5. Akt","11844-11980, 11895-11910, 11922-11925","Anfang Dezember 1830","nach V H34",,,,,,,"Relative Chronologie",,,,"ursprünglich gehörte 25/XVIII,7,36 zu Blatt 4 von 25/XVIII,7,34",,
,"25/XVIII,7,34a",,"V H34",,,"Faust II, 5. Akt","11854-11865","05.12.1830","vor V H33",,,,,,,,,"Konzept zu Brief an Kräuter, 5.12.1830",,,,
,"25/XVIII,7,35",,"V H35",,,"Faust II, 5. Akt","11866-11889,  11997-12103
",,,,,,,,,,,,,,,
,"25/XVIII,7,36",,"V H36",,,"Faust II, 5. Akt","11910-11921","um 25.09.1830",,,,,,,,,,,,"ursprünglich gehörte 25/XVIII,7,36 zu Blatt 4 von 25/XVIII,7,34 (Konzept zu Quittung, in Zusammenhang Brief an Ch. E. F. Weller, 25.9.1830)
",,
,"25/XVIII,7,37",,"V H37",,,"Faust II, 5. Akt","11942-11953","um 16.02.1830",,,,,,,,,"Landeck, S.191","Konzept zu Brief an Maria Pawlowna, 16.2.1831",,,,
,"25/XVIII,7,38",,"V H38",,,"Faust II, 5. Akt","12037-12068",,,,,,,,,,,,,"auf Paketumschlag für eine Sendung Drucksachen mit Adresse Goethes",,
,"25/XVIII,7,39",,"V Hd",,"P208, P209","Faust II, 5. Akt","11954-11980, 11989-11996, 12013-12019, 11970","Dezember 1830",,,,,,,,,"Bohnenkamp, S.793",,,,,
,"25/XVIII,7,40",,"V He",,"P209","Faust II, 5. Akt","11981-11996, 12013-12019",,,,,,,,,,,,,,,
,"25/XVIII,8,1","Beinecke Library, Yale","(oS) V Hi (Landeck)",,,"Faust II, 5. Akt","11043-11096","April 1830",,,,,,,,,,,"Apr. 30.",,,
,"25/XVIII,8,2","Düsseldorf, Goethe-Museum, Anton-und-Katharina-Kippenberg-Stiftung","(oS) V Hj (Landeck)",,,"Faust II, 5. Akt","11091-11116",,,,,,,,,,"Göres: Vers 11091-11115",,,"gehörte ursprünglich mit 25/XVIII,7,1a und 25/XVIII,8,3 zu einem Blatt, vgl. S.Henke, Zum Verhältnis von Handschriftenbeschreibung und Edition, S.398f",,
,"25/XVIII,8,3","Bibliotheca Bodmeriana, Cologny","(oS) V Hk (Landeck)",,,"Faust II, 5. Akt","11125-11134",,,,,,,,,,,,,"gehörte ursprünglich mit 25/XVIII,7,1a und 25/XVIII,8,2",,
,"25/XVIII,8,4","Sammlung Hirzel, B 497, Leipzig UB","V Ha",,,"Faust II, 5. Akt","11308-11357",,,,,,,,,,,,,,,
,"25/XVIII,8,4a","ULB Bonn","V Hb",,,"Faust II, 5. Akt","11699-11709","06.04.1825",,6,4,1825,6,4,1825,,,,"Weimar den 6. Apr. 1825",,,
,"25/XVIII,8,5","Sammlung Geigy-Hagenbach, UB Basel","(oS) V Hl (Findbuch), V Hm (Landeck, Bohnenkamp)",,,"Faust II, 5. Akt","11745-11752","06.03.1825",,,,,,,,,,,"Weimar d. 6. Marz 1825.",,,
,"25/XVIII,8,6","Bibliotheca Bodmeriana, Cologny","V Hc",,"P208","Faust II, 5. Akt","11836-11839, 11926-11941, 11954-11965, 12076-12079","Ende Nov./ Anfang Dez. 1830",,,,,,,,,,,,,,
,"25/XVIII,8,6a","London (Großbritannien), Privatbesitz (letzte Information)","V Hc1",,,"Faust II, 5. Akt","11890-11894, 11898-11901",,,,,,,,,,,,,,,
,"25/XVIII,8,6b","Bibliotheca Bodmeriana, Cologny","(oS)",,,"Faust II, 5. Akt","12024-12031",,,,,,,,,,,,,,,
,"25/XVIII,8,7","Bibliotheca Bodmeriana, Cologny","V Hg",,,"Faust II, 5. Akt","12032-12036, 12069-12075","Dezember 1830",,,,,,,,,,,,"auf Teil eines alten Briefumschlages adressiert an die Oberaufsicht",,
,"25/XVIII,8,8","Bibliotheca Bodmeriana, Cologny","V Hg",,,"Faust II, 5. Akt","12032-12036, 12069-12075, 12084-12111","Dezember 1830",,,,,,,,,,,,,,
,"25/XVIII,8,9","Düsseldorf, Goethe-Museum, Anton-und-Katharina-Kippenberg-Stiftung","(oS)  V Hm (Findbuch); V Hn (Landeck)",,,"Faust II, 5. Akt","12104-12111",,,,,,,,,,,,,,,
,"25/XIX,1,1",,"H P63",,"P63","Faust II",,"Ende 1816",,,,,,,,,,,,,,
,"25/XIX,1,2",,"(oS)",,"P65, P66",,,"zwischen 1775 und 1797/1798",,,,,,,,,,,,,,
,"25/XIX,1,3:1",,"H P67",,"P67",,,"1797/1798",,,,,,,,,,,,,,
,"25/XIX,1,3:2",,"H P68",,"P68",,,"1797/1798",,,,,,,,,,,,,,
,"25/XIX,1,3:3",,,,"P68Var",,,,,,,,,,,,,,,,,
,"25/XIX,1,4",,"H P69",,"P69",,,"1797/1798",,,,,,,,,,,,,,
,"25/XIX,1,5",,"H P75",,"P75, P76, P77",,,"1797/1798",,,,,,,,,,,,,,
,"25/XIX,1,6",,"H P78",,"P78, P79, P80",,,,,,,,,,,,,,,,,
,"25/XIX,1,7",,"H P81",,"P81",,,"1797/1798",,,,,,,,,,,,,,
,"25/XIX,1,8",,"H P82",,"P82, P83",,,"1797/1798",,,,,,,,,,,,,,
,"25/XIX,1,9",,"H P84",,"P84","Faust II, 3. Akt",,"1797-1799 (Petsch, Schmidt, Alt, Niejahr, Morris), 1800 (Grumach)",,,,,,,,,"Grumach, Vorarbeiten, S.63f; B, S.540-542",,,"bildete ursprügnlich zusammen mit H P167 einen Bogen",,
,"25/XIX,1,10",,"H P91",,"P91",,,"1797/1798",,,,,,,,,,,,,,
,"25/XIX,1,11:1",,"H P92",,"P92",,,"1797/1798 oder 1825",,,,,,,,,"Bohnenkamp, S.206",,,,,
,"25/XIX,1,11:2",,"H P92",,"P92 (Abschrift)",,,1825,,,,,,,,,"Bohnenkamp, S.207",,,,,
,"25/XIX,1,12",,"H P93",,"P93, P94, P95",,,"Frühjahr 1825",,,,,,,,,"Bohnenkamp, S.751",,,,,
,"25/XIX,1,13",,"H P96",,"P96",,,"1797/1798",,,,,,,,,"Bohnenkamp, S.208",,,,,
,"25/XIX,1,14:1",,"H P97",,"P97",,,"1797/1798",,,,,,,,,,,,,,
,"25/XIX,1,14:2",,"H P98",,"P98",,,"1797/1798",,,,,,,,,,,,,,
,"25/XIX,1,15:1",,"H P99B",,"P99B",,,,"nach 25/XIX,1,15:1",,,,,,,,"Bohnenkamp, S.421-423",,,,,
,"25/XIX,1,15:2",,"H P99A",,"P99",,,"09.11.1826","vor 25/XIX,1,15:2",,,,,,,,,,"W. d. 9. Novbr. 1826",,,
,"25/XIX,1,16",,"H P101",,"P101",,,"Sommer 1827",,,,,,,,,"Bohnenkamp, S.295",,,,,
,"25/XIX,1,17",,"H P102",,"P102",,,"vor  11.10.1827",,,,,11,10,1827,"Bezug auf Tagebuch",,"Tagebuchnotizen zum 11. und 12.10.1827",,,,
,"25/XIX,1,18:1",,"H P104",,"P104","Faust II, 1. Akt","5588-5589, 5628-5629","um  08.11.1827",,,,,,,,"Bezug auf Brief auf Hs","Bohnenkamp, S.331","Brief an Karl August Varnhagen von Ense, 8.11.1827",,,,
,"25/XIX,1,18:2",,"H P105",,"P105",,,,,,,,,,,"Bezug auf Brief","Bohnenkamp, S.336",,,,,
,"25/XIX,1,18:3",,"H P106",,"P106",,,,"vor P 106 (25/XVII,5,14)",,,,,,,,,,"Dez.16.",,,
,"25/XIX,1,18:4",,"H P107",,"P107",,,,,,,,,,,,,,,,,
,"(oS)","Veste Coburg, Autographensammlung der Kunstsammlung IV,708,10","H P108b",,"P108b","Faust II, 1. Akt",,"Sommer 1827",,,,,,,,,"B, S.304",,,,,
,"25/XIX,1,19",,"H P108c",,"P108c","Faust II, 1. Akt",,"Sommer 1827",,,,,,,,,"B, S.305",,,,,
,"25/XIX,1,20",,"H P110a",,"P110a","Faust II, 1. Akt",,"August 1807",,,,,,,,"Bezug auf datierte Hs","Bohnenkamp, S.308f",,,,,
,"25/XIX,1,21a"," ","(oS)",,,"Helena. Zwischenspiel zu Faust",,,,,,,,,,,,,,"Umschlag",,
,"25/XIX,1,21b",,"H P123B",,"P123B","Faust II, 2. Akt",,"15.12.1826",,,,,,,,"Datierung auf Hs","B, S.455-457","Konzept zu Brief an Friedrich Heinrich von der Hagen, 28.4.1827","15. Decbr. 1826.",,,
,"25/XIX,1,21c",,"H P123C",,"P123C","Faust II, 2. Akt",,,,,,,,,,,"B, S.455-457",,,,,
,"25/XIX,1,21d:1",,"H P123A",,"P123A","Faust II, 2. Akt",,"10.06.1826",,,,,,,,"Datierung auf Hs","B, S.416",,,,,
,"25/XIX,1,21d:2",,"(oS)",," ","Notizen von Eckermann",,"Januar 1830",,,,,,,,,,,,,,
,"25/XIX,2,1",,"H P124",,"P124","Faust II, 2. Akt",,,"vor P125",6,2,1830,,,,"Datierung auf Hs","B, S.492f",,,,,
,"25/XIX,2,2",,"H P125",,"P125","Faust II, 2. Akt",,"6. Februar 1830",,,,,,,,"Tagebuchkonzept auf RS","B, S.510f","Tagebuchnotizen zum 3. und 4.3.1830",,,,
,"25/XIX,2,3",,"H P126",,"P126","Faust II, 2. Akt",,"unsischer, vor oder nach 14.-15. Juni 1830",,,,,,,,,"FL, S.?; B, S.467",,,,,
,"25/XIX,2,4",,"II H2d","H P129Var","P129Var","Faust II, 2. Akt (unsicher)",,"nach 29. September 1827",,,,,,,,"Lucan-Zitat; Briefkonzepte auf RS","B, S.409",,,,,
,"25/XIX,2,5",,"H P140",,"P140, P141, P142, P143, P144, P145, P146","Faust II, 2. Akt",,"nach 22. März 1825, um/nach 5. April 1826",,28,11,1829,1,12,1829,"Theaterzettel, Aktionärsliste","FL, S.32; B, S.474",,,,,
,"25/XIX,2,6:1",,"II H9","H P147","P147","Faust II, 2. Akt",,"zwischen 28.11.1829 und 1.12.1829",,,,,,,,"Einladungsliste auf RS","B, S.648",,,,,
,"25/XIX,2,6:2",,"H P148",,"P148","Faust II, 3. Akt (unischer)",,"vmtl April 1826",,,,,,,,"Datierung auf Hs","B, S.472",,"17.10.",,,
,"25/XIX,2,7",,"H P149",,"P149","Faust II, 2. Akt",,"17. Oktober 1829",,,,,,,,"Datierung auf Hs","B, S.527",,"18. Juni. 30.",,,
,"25/XIX,2,8",,"H P157",,"P157","Faust II, 2. Akt",,"18. Juni 1830",,,,,,,,"Inhalt","B, S.529",,,,,
," 25/XIX,2,9:1",,"H P159",,"P159","Faust II, 2. Akt",,"vor Dezember 1830, Sommer 1830  (vor P157)?",,,,,,,,"Inhalt","B, S.530",,,,,
,"25/XIX,2,9:2",,"H P160",,"P160","Faust II, 2. Akt",,"vor Dezember 1830, Sommer 1830  (vor P157)?",,,,,,,,,,,,,,
,"25/XIX,2,10",,"H P161",,"P161","Faust II, 2. Akt",,,,,,,,,,,,,,"ergänzte sich ursprünglich mit II H.12 (25/XVII,7,13) zu einem Umschlag",,
,"25/XIX,2,11",,"H P163",,"P163","Faust II, 3. Akt",,"Frühjahr 1825",,,,,,,,,"B, S.579","auf Brief von Kanzler v. Müller, zwischen 12.03. und 05.04.1825 ",,,,
,"25/XIX,2,12",,"H P164a",,"P164a","Faust II, 3. Akt",,"zwischen dem 30.03. und 03.04.1825",,30,3,1825,3,4,1825,"Bezug auf Tagebuch","Morris, Faustschema; Schillemeit, Faustparalipomenen 164a; B, S.611f","auf Entwurf zu Tag- und Jahresheften 1808",,,,
,"25/XIX,2,13","Biblioteka Jagiellonska, Krakau","H P165",,"P165","Faust II, 3. Akt",,1825,"nach III H26",,,,,,,"Inhalt, relative Chronologie","B, S.595f",,,,,
,"25/XIX,2,14",,"H P166a",,"P166a","Faust II, 3. Akt",,"05.04.1825",,,,,,,,"Bezug auf Tagebuch","FL, S.108f; B, S.620f",,,,,
,"25/XIX,2,15",,"H P167",,"P167, P172Var, P52Var","Faust II, 3. Akt",,"1825 (Grumach), Frühjahr 1826 (FL), Frühjahr 1825 (ABR)","vor III H12, nach H P52",,,,,,,"Bezug zu P166a (ABR)","Grumach, Vorarbeiten, S.62; FL, S.149; B, S.546",,,"bildete ursprügnlich zusammen mit H P84 einen Bogen",,
,"25/XIX,2,16",,"H P168",,"P168","Faust II, 3. Akt",,"April 1826",,,,,,,,,"B, S.634",,,,,
,"25/XIX,2,17:1",,"H P176Var",,"P176","Faust II, 3. Akt",,"(bis) Frühjahr 1826",,,,,,,,"Inhalt, Bezug auf III Hf","Schillemeit, Trimeter; B, S.625f",,,,,
,"25/XIX,2,17:2",,"H P176Var",,"P176Var","Faust II, 3. Akt",,"(bis) Frühjahr 1826",,,,,,,,"Inhalt, Bezug auf III Hf","Schillemeit, Trimeter; B, S.625f",,,"bildete ursprünglich mit III Hf ein Folioblatt",,
,"25/XIX,2,18",,"H P179",,"P179","Faust II, 4. Akt",,,,,,,,,,,"B, S.675",,,,,
,"25/XIX,2,19",,"H P179a",,"P179a","Faust II, 4. Akt",,"Frühjahr 1828, nach 18.04.1828",,18,4,1828,,,,"Bezug auf Brief auf Hs","B, S.671f","Konzept zu Brief an Ernst Friedrich Bußler, 18.4.1828",,,,
,"25/XIX,2,20",,"H P180",,"P180","Faust II, 4. Akt",,"nach P179a, vor P178",,,6,1830,,,,"Inhalt","B, S.677",,,,,
,"25/XIX,2,21",,"H P181",,"P181","Faust II, 4. Akt",,"vmtl Juni 1831, nach P178",,,,,,,,"Inhalt","B, S.711f",,,,,
,"25/XIX,2,22",,"H P188",,"P188","Faust II, 4. Akt",,"unsicher",,,,,,,,,"Lohmeyer, Meer; B, S.701",,,,,
,"25/XIX,2,23",,"H P190",,"P190","Faust II, 4. Akt (unsicher)",,"unsicher",,,,,10,11,1831,,"B, S.703",,,,,
,"25/XIX,2,24:1",,"H P190a",,"P190a","Faust II, 4. Akt (unsicher)",,"unsicher, vor 10.-11. November 1831",,,,,,,,,"B, S.702",,,,,
,"25/XIX,2,24:2",,"H P190b",,"P190b","Faust II, 4. Akt (unsicher)",,"unsicher",,,,,,,,,"B, S.704",,,,,
,"25/XIX,2,25",,"H P194",,"P194","Faust II, 5. Akt",,"erste Phase des 5. Aktes, vielleicht 2. März 1825 (Hertz)",,,,,,,,"Tagebuch, 02.03.1825 (Hertz)","Hertz, Faust II Akt 5, S.251; B, S.757",,,,,
,"25/XIX,2,26",,"H P195",,"P195","Faust II, 5. Akt",,"vermutlich 25. oder 26.02.1825",,,,,,,,"Tagebuch, 25./26.-27.02.1825 (Hertz)","Hertz, Faust II Akt 5, S.250; B, S.753f",,,"Konzept zu ""Dichtung und Wahrhiet"" auf RS",,
,"25/XIX,2,27",,"H P196",,"P196","Faust II, 5. Akt",,"Dezember 1830",,,,,,,,"Bezug auf Brief auf Hs","B, S.795","Briefkonzepte an Riemer und Gille vom 5. und 12.12.1830 auf RS",,,,
,"25/XIX,2,28",,"H P204",,"P204","Faust II, 5. Akt",,"vor II H48 (vor Juni 1830)",,,,,,,,"Inhalt","B, S.515",,,,,
,"25/XIX,3",,"H",,,"Faust II","Gesamtmanuskript",,,,,,,,,,,,1831,,,
,"25/XIX,3*a",,,,,"Faust. Zweyter Theil 1831 (Titelblatt von Eckermann)",,,,,,,,,,,,,,,,
,"25/XIX,3*b",,,,,"Faust II, 1. Akt","1. Akt",,,,,,,,,,,,,,,
,"25/XIX,3*c",,,,,"Faust II, 2. Akt","2. Akt",,,,,,,,,,,,,,,
,"25/XIX,3*d",,,,,"Faust II, 3. Akt","3. Akt",,,,,,,,,,,,,,,
,"25/XIX,3*e",,,,,"Faust II, 4. Akt","4. Akt",,,,,,,,,,,,,,,
,"25/XIX,3*f",,,,,"Faust II, 5. Akt","5. Akt",,,,,,,,,,"Gräf, S.486f.",,,,,
,"25/XIX,4",,"(oS)",,,"Faust. Tragödie von Goethe in acht Abtheilungen für die Bühne redigirt",,,,,,,29,8,1829,,"Gräf, S.484-486.",,,,,
,"25/XIX,5",,"(oS)",,,"Soufflierbuch des Weimarer Theaters zur Aufführung in Weimar am 29. August 1829",,"nach März 1829, vor 29.08.1829",,,,,,,,,,,,,,
